date,T2M,T2M_MAX,T2M_MIN,RH2M,WS2M,PRECTOTCORR,ALLSKY_SFC_SW_DWN
2015-01-01,-14.08,-3.66,-20.71,54.23,3.09,0.0,9.74
2015-01-02,-12.1,-6.08,-16.18,64.08,2.22,0.0,9.8
2015-01-03,-9.32,0.46,-16.11,67.79,1.7,0.0,9.91
2015-01-04,-5.27,-0.95,-8.95,47.89,1.12,0.0,6.84
2015-01-05,-11.76,-7.97,-17.13,61.55,6.08,0.0,10.19
2015-01-06,-11.08,-3.24,-17.76,49.92,2.0,0.0,9.97
2015-01-07,-9.01,-3.42,-11.88,49.4,1.31,0.0,9.67
2015-01-08,-10.33,-2.37,-15.05,61.79,2.37,0.0,10.1
2015-01-09,-9.9,-1.4,-15.06,59.6,2.95,0.0,10.44
2015-01-10,-8.9,0.82,-14.52,65.22,2.28,0.0,9.89
2015-01-11,-7.29,-0.56,-11.6,54.35,1.67,0.0,9.99
2015-01-12,-7.68,-0.41,-13.32,76.29,2.51,0.0,8.9
2015-01-13,-6.13,-2.02,-9.56,94.91,2.14,0.55,3.82
2015-01-14,-7.01,-1.12,-11.29,79.59,1.84,0.36,5.47
2015-01-15,-9.54,-3.62,-12.44,79.79,3.35,0.2,6.69
2015-01-16,-12.4,-7.59,-15.05,67.78,4.76,0.03,10.19
2015-01-17,-10.99,-5.99,-15.58,76.43,2.07,0.43,7.13
2015-01-18,-11.63,-7.63,-14.56,74.03,4.93,0.07,8.39
2015-01-19,-11.26,-4.42,-17.34,72.57,1.96,0.0,9.6
2015-01-20,-9.91,-3.4,-14.9,70.75,2.84,0.0,8.71
2015-01-21,-12.1,-4.41,-17.95,66.63,2.03,0.0,11.2
2015-01-22,-11.4,-4.72,-16.2,75.54,2.76,0.0,9.14
2015-01-23,-6.98,1.47,-11.93,56.99,1.64,0.0,11.01
2015-01-24,-6.47,-3.73,-8.73,78.93,2.17,0.13,4.31
2015-01-25,-6.45,0.53,-10.36,79.3,1.7,0.01,8.25
2015-01-26,-13.75,-9.96,-20.48,55.8,6.51,0.0,8.81
2015-01-27,-14.53,-5.97,-21.17,43.82,2.5,0.0,11.2
2015-01-28,-10.13,-5.19,-14.7,63.54,2.43,1.02,7.18
2015-01-29,-14.13,-9.06,-19.0,59.63,4.09,0.02,8.88
2015-01-30,-15.64,-8.46,-20.84,55.6,2.63,0.0,8.92
2015-01-31,-12.97,-6.35,-19.17,47.68,1.3,0.0,9.47
2015-02-01,-11.01,-5.91,-15.78,78.11,1.8,0.02,6.43
2015-02-02,-8.32,-5.1,-11.27,87.76,1.33,0.52,5.51
2015-02-03,-10.89,-4.94,-15.05,68.7,5.16,0.06,9.93
2015-02-04,-11.85,-5.02,-17.39,70.12,5.56,0.0,12.5
2015-02-05,-8.96,-0.6,-16.08,68.8,2.55,0.0,12.59
2015-02-06,-7.29,1.59,-13.05,58.33,3.44,0.0,12.62
2015-02-07,-13.27,-7.7,-19.65,44.59,5.14,0.0,13.22
2015-02-08,-12.57,-3.13,-19.91,49.83,1.98,0.0,12.32
2015-02-09,-8.28,1.23,-15.62,60.03,2.2,0.0,13.3
2015-02-10,-6.79,1.46,-13.37,52.25,2.72,0.0,12.23
2015-02-11,-7.69,0.21,-13.26,55.7,2.97,0.0,14.17
2015-02-12,-7.59,-0.41,-12.55,52.36,1.86,0.0,11.97
2015-02-13,-6.64,1.43,-12.86,56.3,2.8,0.0,14.58
2015-02-14,-2.47,6.22,-10.45,59.84,1.75,0.0,14.3
2015-02-15,-4.17,1.7,-10.06,42.29,4.25,0.0,13.16
2015-02-16,-6.12,2.52,-13.13,55.8,3.47,0.0,15.6
2015-02-17,-4.46,4.2,-11.3,51.93,2.23,0.0,15.74
2015-02-18,-4.1,3.91,-11.73,52.08,2.63,0.0,15.64
2015-02-19,-3.62,-0.81,-5.24,83.31,4.16,1.47,4.32
2015-02-20,-4.05,0.41,-9.23,89.71,2.13,1.32,4.49
2015-02-21,-12.68,-7.4,-19.04,52.32,7.01,0.31,12.13
2015-02-22,-14.62,-7.47,-21.38,49.64,3.1,0.04,12.42
2015-02-23,-10.44,-2.17,-17.11,44.22,2.11,0.0,14.42
2015-02-24,-7.15,1.06,-13.43,49.03,3.09,0.22,12.51
2015-02-25,-11.65,-5.83,-17.01,46.61,4.01,0.02,16.88
2015-02-26,-12.14,-4.61,-19.45,50.07,2.72,0.0,17.8
2015-02-27,-8.39,-4.24,-13.29,77.75,3.7,1.81,4.29
2015-02-28,-8.15,-4.28,-14.0,61.32,4.5,0.12,10.88
2015-03-01,-7.71,0.83,-15.54,48.28,3.41,0.0,12.64
2015-03-02,-7.69,0.68,-14.01,48.05,4.65,0.06,13.36
2015-03-03,-13.73,-7.45,-19.55,42.13,4.02,0.0,18.18
2015-03-04,-10.01,-2.38,-16.28,38.74,1.6,0.0,18.4
2015-03-05,-7.43,0.13,-14.72,55.26,2.94,0.0,17.27
2015-03-06,-5.91,3.8,-13.0,61.85,3.03,0.0,18.14
2015-03-07,-3.13,5.06,-10.81,42.14,2.9,0.0,18.1
2015-03-08,-8.11,-2.42,-15.43,45.94,5.87,0.0,19.18
2015-03-09,-12.41,-5.97,-18.05,41.19,3.97,0.0,21.3
2015-03-10,-9.0,-0.09,-16.98,39.81,3.07,0.0,20.29
2015-03-11,-5.69,3.2,-15.11,36.12,2.99,0.0,20.08
2015-03-12,-1.98,5.63,-7.61,35.16,3.08,0.0,19.11
2015-03-13,-2.09,4.73,-9.92,39.09,2.39,0.0,19.63
2015-03-14,-1.94,3.19,-6.65,37.43,5.37,0.0,20.99
2015-03-15,-0.71,7.21,-7.99,37.39,3.1,0.0,20.5
2015-03-16,2.11,11.19,-3.6,39.18,3.65,0.0,19.33
2015-03-17,2.68,10.19,-4.7,35.3,2.19,0.0,19.53
2015-03-18,3.25,10.9,-3.01,35.22,3.01,0.0,18.86
2015-03-19,0.55,8.49,-4.39,34.41,3.96,0.0,17.98
2015-03-20,-0.27,7.37,-5.43,32.86,4.75,0.0,21.43
2015-03-21,-0.01,7.93,-5.78,30.75,3.9,0.0,22.58
2015-03-22,-0.5,7.66,-6.06,28.12,3.06,0.0,22.17
2015-03-23,0.34,8.07,-5.5,29.41,1.77,0.0,23.59
2015-03-24,2.86,9.64,-3.08,25.11,1.99,0.0,22.57
2015-03-25,3.01,9.9,-3.72,50.34,2.27,0.0,18.95
2015-03-26,2.5,9.93,-2.54,73.95,2.69,0.0,20.08
2015-03-27,4.87,14.49,-3.52,57.54,4.46,0.0,19.91
2015-03-28,4.12,12.88,-3.11,43.44,3.71,0.0,24.63
2015-03-29,5.27,13.27,-2.9,46.86,3.74,0.0,13.65
2015-03-30,8.54,16.84,0.67,68.68,2.43,0.0,16.93
2015-03-31,5.1,12.49,-1.93,38.14,5.68,0.03,20.28
2015-04-01,1.85,9.15,-2.61,65.18,5.84,14.6,4.25
2015-04-02,0.0,6.1,-4.17,81.04,4.77,4.85,9.31
2015-04-03,3.36,11.7,-4.88,70.19,3.65,2.46,16.62
2015-04-04,1.99,6.69,-4.58,61.15,3.52,0.3,14.62
2015-04-05,-3.56,1.41,-7.38,47.25,4.88,0.0,24.35
2015-04-06,-3.52,2.58,-7.36,33.67,3.56,0.0,23.98
2015-04-07,-1.97,4.4,-8.41,34.65,1.63,0.0,25.3
2015-04-08,1.55,8.75,-4.96,38.77,2.18,0.0,22.94
2015-04-09,2.95,10.07,-3.88,35.17,3.15,0.0,20.31
2015-04-10,4.27,12.05,-3.28,38.87,2.84,0.0,21.03
2015-04-11,1.77,10.82,-6.3,47.58,5.32,0.01,20.5
2015-04-12,-3.62,1.1,-7.73,43.21,8.34,0.03,23.17
2015-04-13,2.02,11.07,-5.83,31.5,2.53,0.0,26.82
2015-04-14,8.11,18.98,-1.98,31.36,3.17,0.0,22.28
2015-04-15,5.41,17.11,-3.06,38.99,6.12,0.0,15.88
2015-04-16,3.12,12.65,-6.21,31.18,3.77,0.0,24.82
2015-04-17,10.31,18.8,-1.08,26.6,1.51,0.0,24.59
2015-04-18,6.62,9.28,1.26,56.18,3.22,2.5,8.67
2015-04-19,4.64,13.1,-1.92,29.39,3.56,0.0,25.84
2015-04-20,6.44,15.32,-2.77,29.88,2.59,0.0,27.73
2015-04-21,6.78,14.38,-1.06,34.12,5.66,0.0,27.68
2015-04-22,10.04,19.35,0.04,30.31,3.5,0.0,24.12
2015-04-23,8.79,16.68,0.89,33.19,4.18,0.0,27.95
2015-04-24,11.35,20.72,-0.19,22.61,1.55,0.0,27.97
2015-04-25,13.63,22.49,6.34,21.17,2.19,0.0,28.6
2015-04-26,13.07,21.89,5.36,37.58,2.43,0.0,22.47
2015-04-27,11.93,20.15,4.02,50.06,5.15,0.0,24.26
2015-04-28,12.76,21.57,2.33,33.98,3.27,0.0,28.99
2015-04-29,16.16,26.42,5.78,32.31,1.91,0.0,28.29
2015-04-30,16.97,25.78,6.73,42.85,4.14,1.16,23.98
2015-05-01,9.64,15.32,4.82,57.58,3.13,9.54,18.78
2015-05-02,11.75,22.13,2.96,37.25,4.69,0.0,26.11
2015-05-03,4.57,11.18,-1.8,32.91,5.45,0.0,30.61
2015-05-04,8.1,17.16,-2.24,26.99,3.58,0.0,29.93
2015-05-05,7.25,14.36,-0.08,28.52,4.88,0.0,26.74
2015-05-06,5.74,15.01,-2.26,45.58,3.03,0.02,10.75
2015-05-07,8.08,17.97,-0.3,37.27,3.93,0.0,23.74
2015-05-08,8.07,16.41,0.27,33.86,3.74,0.0,27.19
2015-05-09,9.77,16.79,1.68,50.03,4.58,0.73,23.72
2015-05-10,5.24,10.66,-1.58,64.59,6.02,10.13,12.2
2015-05-11,4.31,9.26,-2.18,49.28,6.15,0.1,20.37
2015-05-12,11.65,21.23,0.73,26.42,5.95,0.0,30.72
2015-05-13,12.42,21.05,5.27,35.78,4.31,0.0,20.88
2015-05-14,11.38,22.71,2.45,43.61,4.55,0.73,24.76
2015-05-15,8.96,17.24,0.95,37.62,3.14,0.0,31.76
2015-05-16,13.72,22.74,4.22,24.41,3.41,0.0,31.38
2015-05-17,13.63,22.52,5.44,42.4,4.19,0.0,22.13
2015-05-18,10.43,17.94,3.29,23.76,6.0,0.0,31.09
2015-05-19,8.45,15.62,1.67,25.06,5.42,0.0,31.84
2015-05-20,12.42,20.44,1.14,32.69,1.45,0.0,28.25
2015-05-21,14.2,21.28,8.99,26.24,1.88,0.0,25.73
2015-05-22,16.29,24.72,7.43,27.51,2.72,0.0,30.22
2015-05-23,17.85,25.95,9.14,27.05,1.87,0.0,27.5
2015-05-24,17.55,26.3,10.35,43.75,2.93,0.16,25.71
2015-05-25,19.75,29.69,9.36,40.96,2.5,0.0,30.31
2015-05-26,20.7,28.43,11.8,36.95,2.42,0.0,26.69
2015-05-27,22.21,29.64,14.19,35.73,2.57,0.0,25.01
2015-05-28,18.05,22.18,13.2,41.42,2.69,0.0,12.48
2015-05-29,16.44,23.14,10.8,23.32,3.77,0.0,25.58
2015-05-30,17.2,25.21,8.38,31.7,3.0,0.0,30.34
2015-05-31,19.03,27.9,8.78,28.04,4.53,0.0,26.34
2015-06-01,17.09,22.71,10.14,25.76,3.76,0.0,22.51
2015-06-02,14.67,22.63,6.7,27.83,4.46,0.0,30.62
2015-06-03,14.47,21.52,6.88,37.49,3.37,1.09,12.91
2015-06-04,12.03,17.42,7.79,60.61,4.59,7.86,12.8
2015-06-05,15.88,26.0,6.64,41.17,4.19,0.16,27.41
2015-06-06,11.88,18.84,4.89,47.09,3.5,0.62,24.08
2015-06-07,10.65,16.45,5.35,50.14,1.28,0.66,15.98
2015-06-08,15.03,23.94,4.87,40.42,2.91,0.0,27.78
2015-06-09,16.67,24.14,10.01,49.72,2.93,0.97,18.24
2015-06-10,13.23,18.69,6.99,59.05,5.12,2.03,18.32
2015-06-11,13.11,19.88,5.71,59.86,5.42,1.49,19.78
2015-06-12,12.07,18.08,5.74,67.38,6.65,3.71,18.65
2015-06-13,14.68,21.69,7.81,64.55,3.65,0.88,16.26
2015-06-14,17.41,24.63,8.07,54.47,1.71,0.0,25.12
2015-06-15,17.45,22.33,11.68,66.54,1.52,1.8,17.36
2015-06-16,17.97,23.53,10.6,64.38,1.95,0.68,20.13
2015-06-17,18.84,26.2,10.52,47.08,4.02,0.0,28.4
2015-06-18,16.99,25.2,8.0,40.02,3.28,0.02,31.67
2015-06-19,14.61,22.12,7.61,50.2,4.71,0.09,28.26
2015-06-20,16.96,24.68,6.96,48.62,2.06,0.0,24.03
2015-06-21,15.91,22.54,11.95,58.96,1.67,0.67,10.96
2015-06-22,16.59,21.66,11.13,67.52,2.06,2.72,18.03
2015-06-23,17.27,22.23,11.11,73.39,1.78,2.48,16.73
2015-06-24,17.41,21.93,13.44,72.44,1.18,3.02,11.23
2015-06-25,18.64,25.32,10.85,62.88,1.54,9.85,23.67
2015-06-26,21.82,30.18,11.91,48.49,0.82,0.15,30.57
2015-06-27,24.35,33.09,14.74,38.67,1.51,0.0,26.33
2015-06-28,21.11,26.63,16.14,61.54,3.09,0.62,13.38
2015-06-29,19.05,24.53,14.33,65.28,2.86,1.78,13.4
2015-06-30,18.38,26.24,11.97,48.58,4.17,14.62,27.73
2015-07-01,18.24,25.88,10.16,41.42,4.71,0.05,28.45
2015-07-02,17.76,25.53,9.9,43.12,2.88,0.0,30.22
2015-07-03,19.71,27.85,10.44,35.09,1.12,0.72,31.15
2015-07-04,20.66,30.01,11.67,41.07,2.54,0.41,23.09
2015-07-05,20.18,28.81,12.3,60.29,2.58,1.51,22.11
2015-07-06,19.33,24.73,13.79,64.85,2.02,0.5,22.29
2015-07-07,21.23,29.03,12.9,51.16,2.3,0.13,26.3
2015-07-08,24.13,30.88,16.88,37.63,1.83,0.0,22.55
2015-07-09,21.26,27.54,15.67,52.54,2.2,1.16,15.11
2015-07-10,20.46,25.89,15.04,54.03,1.64,1.35,20.13
2015-07-11,22.05,29.21,12.89,48.72,1.61,0.0,25.28
2015-07-12,23.83,31.74,15.75,42.6,1.73,0.0,23.49
2015-07-13,23.64,31.73,16.81,35.35,3.02,0.02,28.37
2015-07-14,21.0,26.26,16.61,37.92,1.88,0.5,20.65
2015-07-15,18.57,23.94,13.22,59.81,1.71,6.85,12.4
2015-07-16,17.14,23.33,11.95,65.13,1.67,4.8,23.42
2015-07-17,16.26,21.58,11.72,73.66,2.19,3.83,20.43
2015-07-18,16.2,20.75,11.64,72.78,0.96,1.76,15.13
2015-07-19,17.22,21.22,11.92,67.58,1.27,0.7,20.71
2015-07-20,19.68,25.56,12.99,61.33,1.13,2.9,23.07
2015-07-21,19.42,24.43,15.23,62.43,0.9,1.14,21.06
2015-07-22,19.01,24.56,13.55,58.76,2.81,0.37,23.55
2015-07-23,17.89,24.23,12.07,54.04,2.91,4.72,21.25
2015-07-24,19.68,26.89,11.38,56.46,2.19,6.82,25.9
2015-07-25,21.88,29.8,14.67,47.39,2.72,2.5,20.16
2015-07-26,22.05,28.81,13.75,46.1,1.55,0.98,25.54
2015-07-27,23.09,30.27,15.88,62.04,2.43,10.54,22.88
2015-07-28,21.71,28.56,17.4,74.03,2.22,7.31,21.95
2015-07-29,23.36,31.32,16.13,60.89,2.3,3.87,22.28
2015-07-30,22.02,29.85,13.62,48.67,1.59,0.01,26.55
2015-07-31,22.6,29.38,14.63,60.43,1.46,0.0,22.92
2015-08-01,23.35,30.42,16.42,66.59,2.2,7.03,16.83
2015-08-02,21.06,28.09,15.43,43.95,3.11,0.04,27.31
2015-08-03,20.42,28.55,12.86,40.8,1.76,0.69,18.78
2015-08-04,20.07,30.77,10.18,49.5,2.74,1.15,20.3
2015-08-05,20.36,28.63,12.69,42.26,2.15,0.55,27.45
2015-08-06,19.77,27.42,11.15,43.02,1.76,0.0,27.86
2015-08-07,21.61,29.03,13.69,42.4,0.93,0.21,25.84
2015-08-08,20.98,27.7,13.93,56.68,1.01,1.25,24.07
2015-08-09,22.22,30.45,14.06,39.41,1.62,0.0,24.78
2015-08-10,22.14,30.54,13.54,37.0,1.91,0.0,25.94
2015-08-11,22.3,29.83,14.63,41.44,1.91,0.0,21.5
2015-08-12,23.07,30.95,15.66,40.92,1.56,0.0,25.74
2015-08-13,19.8,27.81,12.25,56.27,2.41,1.54,16.02
2015-08-14,18.19,27.15,9.37,44.05,2.66,0.0,27.72
2015-08-15,21.08,29.72,10.72,27.2,1.04,0.0,28.19
2015-08-16,22.43,30.25,15.25,28.44,1.77,0.03,24.22
2015-08-17,18.85,25.61,12.47,36.85,2.43,0.1,26.34
2015-08-18,19.11,27.45,10.62,27.88,3.41,0.0,24.61
2015-08-19,16.78,23.59,9.4,39.99,2.37,0.04,23.25
2015-08-20,17.61,25.46,9.51,40.23,3.01,0.0,26.04
2015-08-21,17.94,25.36,10.35,45.48,2.73,0.0,20.92
2015-08-22,17.75,24.07,10.81,45.39,2.3,0.89,20.24
2015-08-23,18.92,26.41,11.54,43.17,1.6,0.96,22.83
2015-08-24,16.59,22.98,10.14,68.27,1.36,5.71,20.88
2015-08-25,16.7,21.05,11.3,65.77,1.26,1.59,19.94
2015-08-26,18.41,25.35,11.13,49.48,2.04,0.15,21.96
2015-08-27,19.08,26.8,11.74,45.07,2.22,0.01,22.06
2015-08-28,19.59,27.04,12.08,42.89,1.63,1.21,19.42
2015-08-29,19.23,26.88,12.98,43.83,1.39,0.71,18.7
2015-08-30,16.47,22.48,11.07,61.37,1.95,4.09,15.51
2015-08-31,15.97,23.28,10.07,56.7,3.93,0.19,19.85
2015-09-01,15.15,22.16,8.49,60.56,2.94,0.88,18.02
2015-09-02,17.34,26.1,8.68,54.24,2.32,0.0,24.12
2015-09-03,18.64,25.69,11.06,48.42,2.0,0.07,22.0
2015-09-04,14.73,18.52,11.21,79.93,3.01,17.55,6.96
2015-09-05,14.57,20.25,10.06,77.32,1.62,14.36,7.54
2015-09-06,15.91,22.27,9.76,69.07,1.58,1.89,17.07
2015-09-07,15.91,20.9,9.89,66.75,1.35,0.0,18.05
2015-09-08,13.62,18.69,9.22,72.48,2.59,4.5,5.98
2015-09-09,13.24,20.49,8.61,67.56,2.85,1.46,13.75
2015-09-10,11.91,18.29,5.5,72.84,2.41,6.77,7.18
2015-09-11,8.2,14.41,2.51,65.42,3.86,3.1,14.19
2015-09-12,9.71,18.97,0.46,48.03,2.7,0.0,24.46
2015-09-13,12.39,19.97,6.62,37.18,1.84,0.0,24.05
2015-09-14,13.08,21.56,5.45,45.98,2.09,0.0,23.18
2015-09-15,13.29,21.05,6.04,68.08,2.4,0.0,19.81
2015-09-16,13.14,18.88,6.81,75.35,1.73,2.01,14.11
2015-09-17,12.45,16.24,9.19,80.42,1.33,1.38,8.84
2015-09-18,13.66,22.04,6.1,50.62,1.31,0.0,22.06
2015-09-19,13.75,22.04,5.11,43.69,1.92,0.0,19.7
2015-09-20,14.39,22.39,6.62,65.7,2.17,0.0,17.71
2015-09-21,15.69,21.73,9.57,67.77,3.56,0.85,15.25
2015-09-22,12.3,18.24,8.09,63.65,3.0,8.65,16.7
2015-09-23,12.4,20.36,4.86,50.53,2.63,0.21,13.67
2015-09-24,11.19,19.67,3.31,62.26,2.83,2.91,16.65
2015-09-25,8.58,17.66,0.38,43.42,2.02,0.0,22.07
2015-09-26,11.21,19.79,3.13,38.12,2.37,0.0,17.98
2015-09-27,11.89,19.55,3.76,50.47,2.06,0.36,15.17
2015-09-28,9.97,17.1,2.97,66.44,3.5,1.54,10.44
2015-09-29,9.95,13.91,7.93,87.18,4.94,16.02,3.07
2015-09-30,7.88,12.51,0.44,86.36,4.57,11.33,2.97
2015-10-01,5.2,14.14,-1.86,56.43,5.0,0.04,19.36
2015-10-02,7.33,17.16,-1.19,55.43,2.75,0.0,19.59
2015-10-03,9.51,16.81,2.94,50.27,2.0,0.0,19.31
2015-10-04,9.55,17.52,2.92,44.34,2.02,0.0,18.87
2015-10-05,10.56,20.03,1.87,42.25,2.0,0.0,18.72
2015-10-06,11.35,18.51,4.24,59.23,1.92,0.0,14.93
2015-10-07,6.83,14.42,-1.11,57.78,3.95,0.0,17.46
2015-10-08,2.15,9.36,-4.79,42.48,5.09,0.0,19.91
2015-10-09,1.88,9.01,-3.73,49.53,5.44,0.0,18.96
2015-10-10,-0.63,4.96,-5.39,54.86,5.44,0.0,18.5
2015-10-11,4.16,12.59,-2.11,50.78,4.32,0.0,17.31
2015-10-12,7.27,16.32,-1.32,41.3,1.9,0.0,18.15
2015-10-13,8.89,15.88,3.34,42.23,1.74,0.05,13.83
2015-10-14,9.48,16.98,4.48,57.33,0.98,0.05,14.7
2015-10-15,8.19,16.11,3.25,46.82,1.93,0.0,16.72
2015-10-16,9.76,18.55,2.31,54.28,2.25,0.0,16.27
2015-10-17,8.88,17.06,0.18,54.35,3.68,0.01,15.38
2015-10-18,6.35,15.7,-2.35,48.96,2.61,0.0,16.53
2015-10-19,9.28,19.17,1.66,58.48,1.45,0.0,15.92
2015-10-20,8.84,17.23,3.08,69.17,3.6,0.0,12.52
2015-10-21,3.22,6.28,1.65,76.74,3.83,5.15,1.98
2015-10-22,4.96,12.19,-1.08,78.34,1.12,0.24,6.71
2015-10-23,6.72,14.02,1.03,60.83,1.14,0.0,10.33
2015-10-24,7.11,15.46,0.76,61.13,2.0,0.0,14.43
2015-10-25,3.73,8.23,-0.99,88.0,3.05,2.8,7.77
2015-10-26,-0.37,3.73,-5.04,48.41,5.36,0.31,14.24
2015-10-27,-1.35,5.71,-5.67,51.01,3.25,0.0,14.44
2015-10-28,-1.86,4.59,-6.22,49.11,2.89,0.0,14.1
2015-10-29,-3.9,2.01,-7.53,51.59,3.78,0.0,15.45
2015-10-30,-1.65,6.17,-6.6,55.68,2.92,0.0,15.26
2015-10-31,-0.32,7.77,-4.49,50.15,2.56,0.0,13.96
2015-11-01,0.56,8.58,-4.66,50.26,2.07,0.0,12.28
2015-11-02,0.55,7.36,-4.31,60.52,2.05,0.0,14.14
2015-11-03,2.96,9.68,-2.7,72.38,3.39,0.0,5.7
2015-11-04,2.91,8.81,-1.65,69.62,2.75,0.03,6.34
2015-11-05,-0.86,1.18,-2.5,75.56,4.78,14.76,3.09
2015-11-06,-2.23,0.84,-4.36,89.95,2.29,7.67,4.26
2015-11-07,-1.58,2.73,-5.64,88.24,0.7,2.03,2.89
2015-11-08,-2.49,2.73,-6.07,87.13,1.25,0.28,5.12
2015-11-09,-3.46,2.29,-6.59,88.97,1.15,0.0,8.1
2015-11-10,-0.64,5.89,-5.34,73.94,1.08,0.0,6.62
2015-11-11,0.14,4.16,-2.49,83.44,1.78,0.25,5.06
2015-11-12,0.47,4.67,-1.59,93.23,2.61,0.25,5.11
2015-11-13,0.49,4.35,-2.05,90.59,3.91,0.0,4.52
2015-11-14,0.5,4.14,-2.36,93.22,2.65,0.0,3.19
2015-11-15,0.78,7.5,-4.27,75.87,2.08,0.0,9.76
2015-11-16,-0.2,6.17,-4.92,82.64,2.65,0.0,8.56
2015-11-17,-1.42,3.49,-6.38,78.7,2.59,0.05,7.08
2015-11-18,-0.33,3.94,-3.71,89.06,3.53,1.29,2.12
2015-11-19,-1.65,2.87,-4.07,72.56,2.38,0.69,5.08
2015-11-20,-2.99,2.56,-5.91,68.33,1.81,0.03,10.74
2015-11-21,-2.93,3.21,-5.9,64.5,2.24,0.06,10.25
2015-11-22,-4.55,0.25,-11.2,82.52,3.74,8.41,2.66
2015-11-23,-11.74,-6.53,-15.79,68.35,4.03,0.03,7.07
2015-11-24,-9.68,-5.14,-12.58,70.49,2.69,1.68,4.69
2015-11-25,-17.08,-12.72,-21.35,70.53,5.62,0.11,10.49
2015-11-26,-13.48,-5.06,-20.08,77.64,2.61,0.16,10.78
2015-11-27,-5.98,0.03,-11.79,85.93,1.58,1.33,3.62
2015-11-28,-6.05,-1.72,-8.4,92.08,2.07,0.43,7.62
2015-11-29,-7.78,-0.7,-12.87,77.93,2.14,0.01,7.88
2015-11-30,-6.35,-0.53,-11.56,90.45,2.01,0.0,8.04
2015-12-01,-7.12,-2.72,-13.79,80.8,4.0,0.27,8.1
2015-12-02,-13.39,-9.93,-17.06,73.49,6.43,0.08,8.64
2015-12-03,-14.59,-10.23,-18.39,76.14,6.21,0.02,9.96
2015-12-04,-12.57,-3.46,-18.72,80.4,2.78,0.0,10.24
2015-12-05,-9.7,-3.89,-15.33,68.94,1.66,0.0,9.62
2015-12-06,-6.04,-1.57,-8.73,69.46,1.11,0.1,6.81
2015-12-07,-7.62,-2.66,-10.44,91.45,1.44,0.01,6.49
2015-12-08,-5.84,-2.57,-9.6,97.68,1.66,0.05,6.84
2015-12-09,-5.65,-2.27,-9.93,96.65,1.83,0.02,5.11
2015-12-10,-9.07,-0.89,-13.58,65.95,2.33,0.0,8.34
2015-12-11,-8.14,-4.09,-13.7,86.21,1.57,0.0,5.34
2015-12-12,-5.28,0.67,-8.21,85.36,1.02,0.0,4.98
2015-12-13,-5.58,-2.17,-11.41,88.0,1.74,1.78,5.99
2015-12-14,-11.42,-5.97,-15.43,73.25,4.14,0.04,8.77
2015-12-15,-14.47,-10.09,-17.05,78.68,5.74,0.01,8.39
2015-12-16,-15.9,-9.81,-20.14,73.91,4.07,0.0,9.51
2015-12-17,-13.76,-7.74,-17.15,71.68,1.88,0.0,9.29
2015-12-18,-11.04,-2.29,-16.85,63.89,1.39,0.0,9.31
2015-12-19,-9.27,-4.99,-14.18,72.12,1.66,0.0,6.31
2015-12-20,-10.13,-4.68,-12.98,92.68,1.98,0.0,6.29
2015-12-21,-10.36,-4.31,-13.72,88.87,1.22,0.0,7.1
2015-12-22,-10.73,-6.37,-14.75,96.58,1.83,0.0,5.08
2015-12-23,-10.68,-3.4,-16.21,75.86,1.55,0.0,6.7
2015-12-24,-12.85,-6.45,-16.28,82.59,2.65,0.0,7.24
2015-12-25,-11.01,-3.32,-15.28,82.41,2.94,0.0,8.25
2015-12-26,-11.03,-2.73,-15.22,74.34,2.65,0.0,7.48
2015-12-27,-11.48,-4.78,-15.19,66.72,1.38,0.0,7.83
2015-12-28,-11.53,-6.54,-14.43,94.8,1.94,0.0,7.72
2015-12-29,-11.71,-4.29,-16.14,87.69,2.5,0.0,7.77
2015-12-30,-11.58,-3.4,-17.44,73.33,2.33,0.0,9.12
2015-12-31,-11.27,-5.01,-15.79,86.09,1.88,0.0,8.65
2016-01-01,-9.75,-2.13,-13.84,88.32,1.64,0.0,8.61
2016-01-02,-7.23,0.91,-12.22,78.07,1.13,0.0,8.72
2016-01-03,-9.84,-1.69,-14.21,81.23,2.86,0.03,8.41
2016-01-04,-15.75,-10.42,-21.79,68.5,4.16,0.01,7.66
2016-01-05,-17.14,-9.37,-22.97,72.69,2.26,0.0,9.34
2016-01-06,-17.1,-10.22,-21.59,74.09,3.81,0.0,9.42
2016-01-07,-17.36,-9.2,-22.04,80.28,3.1,0.0,8.59
2016-01-08,-15.18,-7.13,-20.73,76.1,2.74,0.0,9.09
2016-01-09,-13.29,-5.45,-17.9,74.4,1.52,0.0,8.63
2016-01-10,-16.1,-11.69,-21.93,78.36,4.06,0.21,7.73
2016-01-11,-19.28,-10.91,-24.51,73.88,2.96,0.0,9.65
2016-01-12,-18.92,-10.04,-23.78,71.0,4.07,0.0,10.03
2016-01-13,-17.36,-9.77,-22.35,61.48,4.0,0.0,9.38
2016-01-14,-15.46,-6.36,-20.7,61.55,2.35,0.0,9.87
2016-01-15,-15.34,-10.06,-20.08,84.62,1.71,0.02,9.06
2016-01-16,-14.06,-6.94,-20.13,82.95,3.16,0.21,7.89
2016-01-17,-20.33,-14.06,-26.47,69.17,4.53,0.0,9.5
2016-01-18,-22.06,-14.73,-27.36,68.44,4.8,0.0,10.04
2016-01-19,-17.68,-9.39,-23.66,59.45,2.11,0.0,10.26
2016-01-20,-14.01,-10.61,-16.73,82.19,1.42,0.2,9.03
2016-01-21,-18.37,-12.1,-26.32,72.33,3.83,0.01,9.23
2016-01-22,-25.32,-21.3,-29.04,63.91,5.54,0.02,9.89
2016-01-23,-27.28,-24.57,-30.61,64.24,8.19,0.01,10.43
2016-01-24,-22.56,-14.67,-28.88,69.96,6.01,0.0,10.27
2016-01-25,-18.48,-9.89,-23.98,62.0,2.74,0.0,11.0
2016-01-26,-16.77,-9.0,-23.04,66.24,2.12,0.0,10.76
2016-01-27,-15.47,-8.82,-20.58,66.09,1.63,0.0,10.19
2016-01-28,-14.07,-6.6,-20.31,59.79,1.55,0.0,11.19
2016-01-29,-14.85,-5.56,-20.67,69.69,2.82,0.0,9.52
2016-01-30,-18.5,-11.56,-22.65,61.43,3.82,0.0,10.36
2016-01-31,-16.93,-8.43,-22.9,68.42,4.55,0.0,11.78
2016-02-01,-15.31,-6.9,-21.24,68.04,3.13,0.0,13.46
2016-02-02,-12.34,-5.7,-17.03,57.98,1.98,0.0,12.23
2016-02-03,-11.91,-3.65,-17.08,54.58,2.81,0.0,12.02
2016-02-04,-13.23,-6.95,-19.11,60.62,3.48,0.0,11.1
2016-02-05,-15.25,-8.01,-21.48,73.29,5.05,0.0,12.97
2016-02-06,-12.46,-3.84,-18.74,60.35,3.12,0.0,13.24
2016-02-07,-11.59,-4.21,-18.6,62.74,3.74,0.0,13.08
2016-02-08,-7.21,1.63,-13.84,74.67,3.02,0.0,13.67
2016-02-09,-5.21,2.37,-10.18,71.58,2.2,0.0,13.41
2016-02-10,-2.55,4.61,-10.03,70.96,2.1,0.0,12.59
2016-02-11,-0.88,3.06,-5.02,92.86,1.92,0.01,13.27
2016-02-12,-6.62,-2.46,-12.54,73.11,6.92,3.26,3.73
2016-02-13,-15.36,-11.47,-20.93,61.51,7.04,0.02,11.48
2016-02-14,-17.42,-11.98,-22.31,64.28,5.97,0.0,15.47
2016-02-15,-13.5,-7.69,-19.14,63.88,6.87,0.0,15.36
2016-02-16,-10.73,-2.6,-16.98,66.8,4.23,0.0,15.48
2016-02-17,-11.13,-3.23,-17.29,66.75,3.03,0.0,12.88
2016-02-18,-10.32,-3.12,-17.17,62.47,2.9,0.0,12.31
2016-02-19,-12.52,-6.92,-17.92,63.08,4.15,0.01,13.81
2016-02-20,-14.45,-6.89,-21.06,62.82,2.89,0.0,16.56
2016-02-21,-11.71,-3.21,-18.95,68.35,2.98,0.0,13.86
2016-02-22,-13.42,-6.78,-18.94,60.8,4.19,0.01,16.29
2016-02-23,-14.76,-7.78,-20.98,62.44,3.0,0.0,18.25
2016-02-24,-13.43,-5.86,-19.2,58.56,3.43,0.0,18.46
2016-02-25,-11.95,-4.51,-17.17,55.75,3.32,0.0,15.35
2016-02-26,-10.75,-1.01,-18.05,73.01,3.64,0.08,13.4
2016-02-27,-10.03,-3.62,-15.62,74.61,2.83,1.49,9.34
2016-02-28,-12.8,-6.35,-17.45,72.25,4.6,0.01,16.72
2016-02-29,-9.21,-1.17,-16.68,72.68,2.81,0.08,17.27
2016-03-01,-3.64,5.38,-12.26,69.4,3.38,0.0,17.59
2016-03-02,-0.79,7.48,-8.98,64.89,3.58,0.0,17.51
2016-03-03,2.01,9.77,-4.03,48.14,2.38,0.0,16.77
2016-03-04,-2.45,1.44,-9.49,44.08,4.23,0.0,7.0
2016-03-05,-6.29,0.29,-13.16,45.12,2.67,0.0,19.61
2016-03-06,-4.72,2.01,-9.86,38.27,2.93,0.0,16.93
2016-03-07,-9.42,-3.77,-13.58,42.24,4.65,0.0,19.54
2016-03-08,-11.32,-5.56,-15.7,31.01,4.66,0.0,18.5
2016-03-09,-13.33,-7.44,-18.7,44.58,4.59,0.0,21.13
2016-03-10,-12.05,-4.74,-18.92,55.92,4.12,0.0,20.95
2016-03-11,-9.0,-1.03,-17.11,50.41,2.56,0.0,21.04
2016-03-12,-6.93,0.02,-12.76,47.98,4.0,0.0,19.9
2016-03-13,-5.91,2.65,-14.65,42.59,3.36,0.0,21.49
2016-03-14,-1.86,4.57,-8.42,37.02,2.07,0.0,17.6
2016-03-15,2.05,7.88,-3.54,57.86,2.26,0.0,19.0
2016-03-16,2.19,8.75,-3.22,71.92,2.74,0.0,14.12
2016-03-17,3.65,12.63,-1.73,47.08,3.06,0.0,18.53
2016-03-18,4.7,14.0,-2.22,37.5,1.57,0.0,18.83
2016-03-19,4.07,11.94,-2.33,46.92,2.36,0.0,13.37
2016-03-20,5.01,14.39,-1.46,44.01,2.94,0.0,18.18
2016-03-21,4.6,9.97,-0.49,76.56,1.59,0.3,7.63
2016-03-22,1.86,8.73,-5.3,58.91,4.65,0.85,11.38
2016-03-23,-1.92,4.96,-5.87,38.99,3.63,0.0,20.84
2016-03-24,-1.54,5.13,-5.66,38.73,2.35,0.0,22.13
2016-03-25,-1.52,4.36,-5.7,38.61,3.11,0.0,20.81
2016-03-26,0.11,7.38,-5.82,33.5,3.18,0.0,24.32
2016-03-27,2.07,8.78,-3.76,32.3,2.9,0.0,22.89
2016-03-28,2.17,10.35,-4.25,49.4,3.77,0.0,19.46
2016-03-29,3.09,12.48,-3.96,40.95,3.81,0.0,23.86
2016-03-30,6.1,15.7,-2.55,38.19,3.33,0.0,24.17
2016-03-31,7.12,18.42,-0.57,58.35,4.95,0.11,17.4
2016-04-01,2.36,10.56,-5.48,52.77,4.62,0.01,22.32
2016-04-02,-0.45,4.33,-5.25,39.89,3.74,0.0,15.61
2016-04-03,2.36,9.08,-3.11,30.48,1.64,0.0,23.05
2016-04-04,5.37,13.18,-2.58,32.35,2.27,0.0,23.26
2016-04-05,6.53,16.25,-1.97,42.98,3.25,0.0,22.5
2016-04-06,6.08,14.2,-0.66,39.61,4.46,0.0,21.08
2016-04-07,3.0,11.86,-5.13,34.78,4.08,0.0,25.2
2016-04-08,4.52,14.53,-5.35,27.06,3.87,0.0,26.74
2016-04-09,7.73,17.66,-0.01,26.96,2.75,0.0,24.25
2016-04-10,10.28,20.49,0.7,27.64,2.59,0.0,26.41
2016-04-11,7.83,17.87,0.41,70.71,3.33,3.12,15.86
2016-04-12,6.95,15.06,-0.17,43.41,3.83,0.03,25.19
2016-04-13,5.62,13.7,-1.18,32.46,4.96,0.0,26.88
2016-04-14,9.44,18.84,-0.96,32.09,3.09,0.03,23.24
2016-04-15,6.41,11.72,0.49,50.35,2.9,1.26,10.53
2016-04-16,0.96,7.21,-4.51,45.89,5.7,0.0,27.65
2016-04-17,0.26,5.5,-4.86,42.96,4.31,0.34,20.32
2016-04-18,3.03,11.38,-5.62,34.27,2.65,0.0,26.02
2016-04-19,8.05,17.89,-1.53,42.43,4.62,0.0,19.77
2016-04-20,9.25,18.16,-0.37,39.2,3.12,0.0,27.37
2016-04-21,7.87,16.48,-0.82,29.63,4.44,0.0,28.01
2016-04-22,5.34,14.48,-2.27,24.63,4.47,0.0,28.29
2016-04-23,8.58,17.82,-2.8,24.36,1.6,0.0,28.61
2016-04-24,10.99,22.13,0.06,52.06,3.33,0.0,25.67
2016-04-25,12.58,22.42,2.82,54.5,3.49,0.01,22.96
2016-04-26,12.13,19.71,6.57,58.69,2.67,1.79,16.48
2016-04-27,12.4,21.01,3.95,47.34,2.54,0.16,23.61
2016-04-28,12.25,20.71,3.38,45.64,3.27,0.0,26.4
2016-04-29,13.81,24.29,4.36,36.73,3.84,0.0,27.75
2016-04-30,15.91,25.78,5.9,32.6,4.07,0.0,21.86
2016-05-01,12.97,23.0,6.2,51.92,3.67,0.52,15.56
2016-05-02,5.93,12.12,1.14,39.58,5.58,0.0,20.11
2016-05-03,9.35,16.72,-0.56,27.19,3.7,0.0,27.46
2016-05-04,10.8,16.82,3.68,47.5,2.57,0.31,12.56
2016-05-05,6.4,12.63,-0.25,29.01,6.73,0.0,28.76
2016-05-06,5.48,14.48,-3.51,30.41,4.25,0.0,30.51
2016-05-07,10.05,19.79,-0.54,24.68,3.49,0.0,29.49
2016-05-08,11.41,20.02,2.01,62.58,2.89,0.04,23.58
2016-05-09,12.2,19.93,5.7,48.41,2.44,0.87,25.59
2016-05-10,15.04,24.33,3.36,47.5,2.57,0.08,27.29
2016-05-11,15.06,24.55,7.72,51.2,4.74,4.33,20.59
2016-05-12,6.43,11.85,1.16,42.3,5.5,1.33,29.92
2016-05-13,8.81,18.9,-0.39,40.06,5.23,4.47,22.65
2016-05-14,6.83,16.17,0.87,56.55,5.03,4.02,18.27
2016-05-15,8.03,16.29,-1.38,31.17,4.87,0.0,31.67
2016-05-16,12.6,21.58,2.44,28.49,3.04,0.0,31.97
2016-05-17,15.04,24.68,4.92,37.01,3.39,0.0,27.72
2016-05-18,16.71,23.7,8.41,46.57,3.29,0.0,22.8
2016-05-19,17.03,25.72,8.52,40.08,3.65,0.0,28.79
2016-05-20,16.77,24.77,6.94,43.38,2.53,0.05,24.15
2016-05-21,16.09,22.72,8.21,49.97,2.84,1.11,18.0
2016-05-22,13.48,17.61,6.79,61.42,3.77,7.72,10.87
2016-05-23,6.86,12.7,3.5,61.34,4.31,12.22,16.22
2016-05-24,7.82,15.58,1.4,60.06,3.12,2.11,20.39
2016-05-25,11.52,20.43,0.23,45.07,4.04,0.21,27.24
2016-05-26,12.06,21.34,1.92,35.87,3.21,0.0,31.97
2016-05-27,15.4,23.55,7.07,29.45,2.7,0.0,30.94
2016-05-28,16.01,26.0,6.85,42.18,3.44,0.0,28.09
2016-05-29,16.79,26.19,4.75,28.2,2.92,0.0,31.49
2016-05-30,19.5,28.66,9.77,35.99,3.15,0.0,29.47
2016-05-31,18.72,24.51,12.81,46.94,1.44,0.0,15.18
2016-06-01,19.54,27.68,10.2,55.39,1.53,0.0,23.17
2016-06-02,17.31,23.04,13.01,67.84,2.6,8.55,16.05
2016-06-03,12.79,14.9,10.17,81.86,2.75,4.26,10.34
2016-06-04,14.05,18.94,9.24,73.93,1.77,3.04,20.06
2016-06-05,16.08,21.98,9.32,62.15,1.43,1.0,22.2
2016-06-06,14.95,22.53,10.0,69.05,1.68,7.63,16.4
2016-06-07,15.84,24.52,6.3,43.51,1.91,0.04,30.26
2016-06-08,18.29,25.94,10.16,31.86,1.85,0.0,30.55
2016-06-09,16.96,24.57,9.56,56.16,3.82,6.75,19.3
2016-06-10,13.5,20.46,6.66,50.22,4.58,0.0,29.71
2016-06-11,15.39,22.61,5.0,41.35,1.59,0.0,27.57
2016-06-12,15.91,20.51,10.84,47.57,1.03,0.04,15.86
2016-06-13,15.35,20.76,10.95,75.33,2.22,20.37,22.64
2016-06-14,13.23,18.72,9.12,71.29,3.83,8.01,12.15
2016-06-15,15.74,22.73,8.36,49.29,4.32,0.1,25.64
2016-06-16,17.33,25.26,7.58,43.47,3.61,0.01,27.1
2016-06-17,17.43,25.33,10.0,52.69,2.34,0.33,22.85
2016-06-18,19.22,26.24,10.05,36.73,1.48,0.0,31.7
2016-06-19,18.76,25.46,10.87,47.37,2.16,0.0,23.98
2016-06-20,17.8,25.56,11.38,73.28,2.34,1.74,10.07
2016-06-21,20.65,29.3,11.98,50.01,3.27,0.13,24.28
2016-06-22,21.13,29.29,12.87,34.22,3.4,0.01,22.03
2016-06-23,17.19,24.03,10.28,40.47,4.14,0.01,30.76
2016-06-24,16.4,23.87,7.65,39.69,3.66,0.0,29.27
2016-06-25,18.85,26.35,8.92,39.82,1.73,0.0,29.56
2016-06-26,17.45,23.0,12.17,50.11,3.17,2.06,13.45
2016-06-27,16.35,21.74,10.36,67.44,2.71,4.77,21.0
2016-06-28,15.67,20.25,10.8,72.16,2.79,10.84,18.98
2016-06-29,18.77,27.2,10.02,59.55,2.79,1.82,28.24
2016-06-30,17.21,24.77,9.49,56.86,2.93,0.01,28.16
2016-07-01,17.38,24.75,9.44,48.61,2.05,0.0,27.45
2016-07-02,19.09,26.53,10.02,39.38,1.57,0.0,31.48
2016-07-03,20.21,27.61,11.16,63.11,2.34,0.84,24.29
2016-07-04,19.89,25.8,14.68,66.0,1.87,0.03,18.73
2016-07-05,21.97,30.69,13.33,56.78,2.34,0.0,29.24
2016-07-06,21.39,30.08,13.44,54.72,2.25,0.0,25.32
2016-07-07,21.19,28.81,12.16,56.29,2.81,0.02,20.96
2016-07-08,22.09,29.15,16.39,67.01,2.99,0.17,18.29
2016-07-09,22.78,30.46,15.36,64.06,2.81,0.03,22.82
2016-07-10,22.64,29.02,16.03,68.05,2.1,0.03,21.58
2016-07-11,20.87,26.09,16.27,78.99,2.38,37.61,6.04
2016-07-12,20.85,27.91,13.88,57.87,2.82,1.83,28.31
2016-07-13,21.35,26.89,14.17,51.68,1.78,3.84,19.62
2016-07-14,17.82,21.65,15.32,81.47,3.15,19.9,17.44
2016-07-15,16.1,18.6,13.95,86.3,2.58,7.13,17.4
2016-07-16,16.38,21.17,12.46,80.03,2.46,9.87,14.2
2016-07-17,18.37,25.54,10.98,63.19,1.88,0.16,29.19
2016-07-18,17.52,22.63,12.67,74.09,2.14,0.79,15.79
2016-07-19,15.85,18.87,13.4,86.2,1.81,5.42,9.8
2016-07-20,19.44,27.26,12.57,72.86,3.0,1.01,24.19
2016-07-21,21.35,28.37,13.53,69.8,1.38,0.54,19.71
2016-07-22,22.93,29.0,16.2,62.98,2.43,0.16,25.01
2016-07-23,23.37,29.9,17.23,59.14,2.33,0.31,26.99
2016-07-24,19.67,25.5,15.89,69.24,2.96,18.51,10.02
2016-07-25,19.65,26.04,14.45,61.45,3.43,6.69,19.62
2016-07-26,21.32,27.98,14.05,55.0,1.6,0.05,26.29
2016-07-27,21.61,28.15,14.83,60.11,1.75,5.44,26.18
2016-07-28,22.36,29.04,14.1,53.15,1.37,0.04,28.05
2016-07-29,24.45,31.17,17.24,49.0,1.23,0.0,28.54
2016-07-30,23.66,29.93,17.46,69.67,2.43,4.03,22.23
2016-07-31,23.76,29.8,16.9,67.66,1.53,0.59,22.83
2016-08-01,24.53,31.83,18.06,58.29,1.58,0.39,25.75
2016-08-02,23.12,31.28,15.34,59.02,2.22,0.0,28.26
2016-08-03,22.74,31.18,15.28,58.08,1.75,0.0,27.89
2016-08-04,22.61,30.49,14.58,58.56,1.58,0.0,25.8
2016-08-05,23.17,31.12,16.52,63.4,1.31,0.0,23.71
2016-08-06,24.25,32.48,16.86,61.34,1.36,1.64,24.82
2016-08-07,22.03,29.89,15.16,54.67,3.13,0.31,27.36
2016-08-08,21.32,29.56,12.62,55.68,1.86,0.0,22.18
2016-08-09,22.06,29.49,14.24,67.32,2.69,0.0,25.18
2016-08-10,22.96,28.98,17.87,68.34,3.39,0.69,18.31
2016-08-11,22.68,29.28,17.57,59.16,1.39,7.17,18.67
2016-08-12,18.98,23.84,14.77,69.01,2.69,11.78,10.84
2016-08-13,19.68,26.94,14.3,50.38,1.96,1.92,14.75
2016-08-14,20.64,27.6,14.8,48.1,2.39,3.09,17.73
2016-08-15,19.65,26.7,14.01,67.7,2.14,1.42,19.16
2016-08-16,20.78,29.99,12.16,63.46,1.28,0.15,23.95
2016-08-17,19.01,23.21,16.28,81.58,2.86,31.09,5.16
2016-08-18,21.27,26.25,16.75,76.8,3.93,17.0,17.85
2016-08-19,22.08,28.04,14.95,59.36,1.59,0.01,21.83
2016-08-20,21.84,25.93,16.03,59.85,0.92,0.0,21.84
2016-08-21,21.32,27.05,13.41,48.38,1.17,0.0,22.91
2016-08-22,19.29,22.65,16.85,78.1,2.04,3.1,14.05
2016-08-23,20.8,27.32,15.79,73.31,2.21,4.73,6.63
2016-08-24,20.25,28.57,13.18,64.33,3.16,2.37,18.42
2016-08-25,12.88,19.08,6.62,56.25,4.88,1.31,24.89
2016-08-26,12.97,21.01,4.85,48.21,1.53,0.0,26.83
2016-08-27,14.29,22.04,6.74,45.53,2.79,0.0,25.79
2016-08-28,16.03,24.03,6.35,42.48,1.33,0.0,25.09
2016-08-29,16.55,22.12,12.3,45.14,1.33,0.0,14.25
2016-08-30,16.27,23.58,10.54,55.09,1.46,0.28,22.78
2016-08-31,15.87,22.73,9.62,50.37,3.62,0.01,23.11
2016-09-01,14.43,21.33,9.04,48.13,4.49,0.0,24.75
2016-09-02,15.71,24.03,7.38,51.03,2.7,0.0,24.14
2016-09-03,16.35,24.49,9.34,58.31,1.85,5.23,21.77
2016-09-04,13.61,19.79,8.55,68.5,2.06,0.75,19.71
2016-09-05,14.66,22.39,7.07,59.67,1.93,0.0,22.25
2016-09-06,14.53,20.57,8.8,63.38,1.35,1.31,14.85
2016-09-07,12.93,20.19,7.19,66.46,2.22,4.08,17.94
2016-09-08,13.26,21.6,5.54,49.17,2.85,0.0,23.73
2016-09-09,14.44,22.07,6.75,53.12,2.25,0.25,17.06
2016-09-10,12.57,16.48,8.22,71.68,1.3,4.56,14.51
2016-09-11,12.49,17.6,7.36,73.88,2.1,3.53,18.47
2016-09-12,13.88,20.75,8.42,62.8,1.3,2.02,18.66
2016-09-13,13.2,20.26,6.99,66.69,1.71,0.99,21.5
2016-09-14,15.14,23.07,7.83,57.32,1.72,1.34,21.26
2016-09-15,15.83,23.16,9.1,54.15,1.74,0.11,21.3
2016-09-16,17.7,25.17,10.55,50.16,1.17,0.0,19.71
2016-09-17,14.02,17.92,9.38,65.78,1.44,1.12,7.31
2016-09-18,12.28,19.85,5.69,54.83,3.19,0.02,19.16
2016-09-19,10.76,18.37,2.89,45.75,1.52,0.0,22.13
2016-09-20,11.97,19.33,4.42,59.76,1.68,4.37,16.02
2016-09-21,12.72,20.0,7.81,77.55,1.57,11.62,18.13
2016-09-22,13.7,20.77,8.45,74.75,1.85,9.74,17.61
2016-09-23,13.95,20.07,7.7,77.63,1.52,5.49,19.01
2016-09-24,14.4,23.37,8.4,60.5,1.86,0.63,20.85
2016-09-25,13.3,20.07,7.37,69.86,2.23,0.68,12.72
2016-09-26,11.55,18.61,2.01,81.63,4.15,5.48,14.77
2016-09-27,3.09,9.43,-1.64,65.39,4.37,0.05,17.6
2016-09-28,5.33,14.12,-3.7,54.75,2.0,0.0,20.87
2016-09-29,9.75,19.02,1.69,75.21,1.91,0.07,16.0
2016-09-30,12.19,19.32,7.06,82.41,2.19,0.16,14.84
2016-10-01,14.11,22.59,7.57,61.41,1.65,0.05,18.06
2016-10-02,13.75,22.27,5.92,56.59,2.81,0.0,17.93
2016-10-03,13.49,21.28,5.71,57.16,2.15,0.0,17.49
2016-10-04,8.74,11.89,3.32,79.12,4.03,12.85,8.79
2016-10-05,7.33,15.25,-0.83,50.88,2.79,0.0,18.15
2016-10-06,7.29,14.0,2.99,72.08,2.96,10.64,5.32
2016-10-07,5.26,10.88,-2.54,67.14,3.94,2.29,15.59
2016-10-08,1.85,9.68,-5.6,59.92,2.67,0.0,18.35
2016-10-09,4.81,12.65,-1.31,48.03,1.96,0.0,17.74
2016-10-10,4.86,13.82,-1.37,66.28,2.76,0.0,16.09
2016-10-11,5.92,14.56,-3.33,46.6,1.85,0.0,17.72
2016-10-12,7.21,16.05,0.73,54.89,2.18,0.0,15.28
2016-10-13,7.56,15.2,3.94,81.7,2.14,0.0,16.23
2016-10-14,7.89,15.28,1.92,73.03,2.27,0.0,16.32
2016-10-15,6.76,11.5,1.71,90.78,2.85,0.73,3.54
2016-10-16,7.42,14.84,0.44,64.32,3.13,0.13,14.62
2016-10-17,6.21,14.63,-0.17,51.14,2.3,0.0,17.01
2016-10-18,7.04,15.08,0.0,82.09,2.61,0.0,15.82
2016-10-19,9.73,18.35,4.07,70.36,1.1,0.0,15.14
2016-10-20,8.02,10.52,5.68,89.34,3.23,3.52,3.27
2016-10-21,4.28,7.62,-0.5,88.18,3.98,13.48,2.46
2016-10-22,3.23,10.17,-1.41,71.67,2.77,0.08,9.49
2016-10-23,4.0,10.42,-1.22,76.71,1.03,0.0,11.68
2016-10-24,4.07,9.2,0.68,78.94,1.74,0.13,6.29
2016-10-25,2.35,10.42,-3.62,69.04,2.6,0.01,13.1
2016-10-26,3.21,9.71,-3.62,50.1,1.51,0.02,13.94
2016-10-27,-0.86,2.43,-6.58,72.29,2.75,8.1,2.96
2016-10-28,-4.53,0.71,-8.05,51.99,2.86,0.0,13.45
2016-10-29,-3.97,1.67,-8.64,61.47,3.2,0.0,12.2
2016-10-30,-6.28,-2.45,-13.99,58.91,4.16,0.13,9.27
2016-10-31,-9.94,-3.62,-16.15,48.9,2.3,0.0,14.88
2016-11-01,-5.05,0.94,-10.29,63.65,1.86,0.0,10.17
2016-11-02,-3.18,4.97,-9.44,63.3,2.45,0.0,14.29
2016-11-03,-0.85,7.13,-6.26,70.62,1.91,0.0,13.66
2016-11-04,1.54,8.8,-3.85,65.27,1.9,0.0,13.45
2016-11-05,4.07,12.68,-0.31,60.82,1.64,0.0,12.79
2016-11-06,-0.08,3.91,-3.28,91.93,2.12,1.71,3.83
2016-11-07,-4.05,-0.29,-6.44,59.46,4.42,0.01,13.14
2016-11-08,-2.95,4.5,-8.53,61.29,1.76,0.0,13.5
2016-11-09,-3.46,1.78,-7.76,82.95,3.07,0.02,7.56
2016-11-10,-4.37,-0.74,-7.03,58.69,4.29,0.09,8.28
2016-11-11,-2.61,5.54,-7.47,59.62,2.84,0.01,11.11
2016-11-12,-1.57,5.78,-7.77,69.09,2.75,0.01,12.11
2016-11-13,-0.97,7.05,-5.8,66.68,3.38,0.0,10.95
2016-11-14,-3.94,1.25,-9.95,43.63,3.2,0.0,12.47
2016-11-15,-1.74,5.46,-7.84,65.85,2.01,0.0,11.47
2016-11-16,0.93,8.11,-3.24,70.77,1.25,0.0,11.79
2016-11-17,0.67,7.33,-3.89,73.92,2.04,0.0,11.23
2016-11-18,1.07,3.99,-4.71,96.21,3.42,0.0,4.88
2016-11-19,-3.4,2.7,-9.04,56.41,3.46,0.0,9.11
2016-11-20,-7.57,-1.46,-12.58,62.06,3.55,0.78,8.21
2016-11-21,-15.9,-13.3,-19.43,52.97,6.9,1.07,7.27
2016-11-22,-15.98,-8.95,-20.83,63.58,3.62,0.0,11.87
2016-11-23,-14.21,-7.38,-20.1,60.28,2.89,0.0,11.72
2016-11-24,-11.59,-5.22,-17.48,57.33,2.06,0.0,10.6
2016-11-25,-10.17,-5.59,-14.64,63.24,2.81,0.0,7.26
2016-11-26,-9.41,-2.2,-14.65,67.38,3.16,0.0,9.08
2016-11-27,-7.91,-0.59,-14.15,62.52,2.37,0.0,11.01
2016-11-28,-4.31,2.58,-8.87,56.19,1.19,0.0,10.07
2016-11-29,-5.33,-0.96,-8.18,76.06,2.48,1.02,4.38
2016-11-30,-7.89,-0.97,-12.09,72.31,3.96,0.0,10.2
2016-12-01,-7.57,0.43,-13.41,63.08,2.39,0.0,10.16
2016-12-02,-6.42,-0.23,-10.75,66.78,1.85,0.0,10.06
2016-12-03,-5.87,0.87,-10.05,78.22,2.08,0.0,7.71
2016-12-04,-5.39,-0.48,-9.64,70.4,1.82,0.15,7.04
2016-12-05,-10.55,-5.34,-14.27,62.49,5.43,0.08,9.49
2016-12-06,-9.13,-1.39,-14.85,82.98,2.9,0.0,9.62
2016-12-07,-7.09,-1.07,-13.14,73.72,3.04,0.02,9.19
2016-12-08,-10.04,-4.99,-14.6,69.82,4.09,0.0,9.78
2016-12-09,-8.62,-1.13,-14.61,56.39,1.3,0.0,7.33
2016-12-10,-7.63,-1.48,-12.4,60.15,1.61,0.0,9.91
2016-12-11,-5.53,-0.36,-10.2,90.5,2.6,0.1,3.82
2016-12-12,-5.89,-0.9,-8.69,75.56,3.61,0.07,7.0
2016-12-13,-8.54,-2.84,-13.59,57.88,2.35,0.0,9.01
2016-12-14,-9.57,-1.62,-14.46,69.67,3.24,0.01,8.26
2016-12-15,-10.94,-4.46,-15.55,67.24,4.02,0.0,9.97
2016-12-16,-10.25,-3.69,-16.03,81.11,2.07,0.0,9.1
2016-12-17,-5.92,-0.94,-8.79,69.24,0.99,0.0,8.93
2016-12-18,-6.32,-1.28,-9.62,76.49,1.05,0.0,9.26
2016-12-19,-5.02,0.3,-9.12,67.6,0.92,0.0,9.17
2016-12-20,-3.08,2.55,-6.5,69.35,1.75,0.05,5.57
2016-12-21,-5.93,-0.92,-11.8,82.73,2.98,0.58,2.89
2016-12-22,-10.78,-5.43,-14.33,81.96,2.77,0.02,8.18
2016-12-23,-10.43,-5.64,-14.38,82.44,1.49,0.0,7.01
2016-12-24,-7.24,-1.24,-11.87,86.3,2.06,0.0,6.9
2016-12-25,-7.22,-2.17,-10.57,86.03,3.35,0.09,2.56
2016-12-26,-11.37,-6.66,-15.56,70.9,3.16,0.45,6.7
2016-12-27,-15.12,-10.43,-17.83,82.63,2.67,0.08,7.01
2016-12-28,-15.86,-9.54,-18.73,68.69,3.52,0.0,7.87
2016-12-29,-16.03,-10.13,-20.34,70.78,1.73,0.0,8.16
2016-12-30,-12.84,-6.62,-17.03,80.75,1.24,0.0,7.15
2016-12-31,-11.01,-5.39,-15.78,87.18,2.1,0.0,8.26
2017-01-01,-8.66,-1.02,-11.72,76.49,1.8,0.0,8.38
2017-01-02,-9.6,-2.75,-14.46,82.38,2.11,0.0,8.83
2017-01-03,-7.32,0.9,-12.24,71.48,1.76,0.0,9.77
2017-01-04,-3.8,2.96,-8.92,60.9,1.07,0.0,8.67
2017-01-05,-3.76,1.87,-7.34,85.93,1.97,0.02,5.37
2017-01-06,-5.37,-1.2,-13.23,89.55,2.77,1.38,2.08
2017-01-07,-10.54,-3.2,-15.08,80.11,2.48,0.07,8.18
2017-01-08,-10.78,-3.91,-14.99,79.68,3.87,0.0,8.18
2017-01-09,-12.59,-3.89,-17.5,73.22,3.51,0.0,8.83
2017-01-10,-13.65,-6.31,-18.82,71.08,3.09,0.0,8.77
2017-01-11,-12.12,-4.35,-16.42,74.18,2.2,0.0,9.55
2017-01-12,-12.76,-4.59,-17.23,80.15,2.84,0.0,9.58
2017-01-13,-12.7,-5.19,-17.66,68.9,2.56,0.0,9.4
2017-01-14,-10.47,-3.64,-16.66,56.03,1.31,0.0,9.22
2017-01-15,-10.54,-4.39,-15.68,85.21,1.5,0.0,8.93
2017-01-16,-11.6,-5.05,-15.84,81.8,1.9,0.01,10.15
2017-01-17,-13.48,-7.28,-17.82,68.93,2.19,0.01,10.05
2017-01-18,-13.02,-7.6,-17.98,69.87,1.89,0.1,9.77
2017-01-19,-18.28,-13.09,-22.08,62.39,6.38,0.07,10.65
2017-01-20,-18.39,-11.95,-22.75,67.67,2.7,0.0,10.72
2017-01-21,-18.05,-11.88,-22.65,71.85,4.25,0.0,11.26
2017-01-22,-14.27,-6.45,-21.09,60.18,1.89,0.0,11.25
2017-01-23,-11.64,-2.38,-17.05,62.55,1.43,0.0,11.29
2017-01-24,-9.06,-3.88,-14.14,54.59,1.26,0.0,9.81
2017-01-25,-9.1,-4.46,-15.0,84.6,2.27,0.0,10.85
2017-01-26,-9.73,-4.99,-16.6,72.21,4.93,0.0,11.99
2017-01-27,-12.13,-6.54,-17.86,66.73,2.17,0.0,10.37
2017-01-28,-8.92,0.5,-15.99,67.05,3.99,0.0,10.52
2017-01-29,-16.83,-12.03,-20.84,63.21,5.35,0.0,12.55
2017-01-30,-16.04,-10.89,-22.38,58.2,1.69,0.0,10.49
2017-01-31,-12.25,-4.6,-16.32,48.15,2.87,0.0,12.26
2017-02-01,-11.09,-4.2,-18.32,44.12,2.17,0.0,12.42
2017-02-02,-7.62,-1.43,-11.98,55.38,1.77,0.0,10.04
2017-02-03,-8.11,-2.56,-13.1,90.56,2.03,0.01,5.61
2017-02-04,-8.0,-0.17,-13.47,70.69,2.49,0.0,11.94
2017-02-05,-8.44,0.46,-15.83,56.73,2.59,0.0,11.99
2017-02-06,-7.42,-1.8,-12.37,63.32,2.44,0.0,7.97
2017-02-07,-7.67,-3.05,-12.04,82.21,3.85,1.53,5.21
2017-02-08,-14.55,-9.74,-19.43,63.9,6.26,0.03,8.85
2017-02-09,-15.56,-8.31,-20.93,64.65,5.32,0.0,14.16
2017-02-10,-12.71,-3.8,-19.33,61.74,4.15,0.0,14.47
2017-02-11,-8.59,0.32,-15.83,58.01,2.35,0.0,15.42
2017-02-12,-6.84,2.64,-12.76,58.17,1.75,0.0,11.98
2017-02-13,-4.62,4.57,-13.11,49.59,1.46,0.0,13.1
2017-02-14,-2.84,4.74,-9.33,51.17,2.15,0.0,11.67
2017-02-15,-1.64,6.19,-8.09,73.76,3.5,0.0,11.26
2017-02-16,-7.28,-3.2,-14.32,55.04,5.57,0.0,11.45
2017-02-17,-9.65,-1.81,-16.89,51.77,2.75,0.0,13.95
2017-02-18,-4.78,3.68,-13.63,62.72,3.24,0.0,13.8
2017-02-19,-5.13,-0.05,-13.9,50.54,5.48,0.0,12.66
2017-02-20,-8.31,-0.62,-15.86,43.74,3.48,0.0,13.32
2017-02-21,-7.15,-3.43,-11.28,82.19,3.78,7.52,5.08
2017-02-22,-10.69,-4.59,-16.2,73.73,4.72,0.08,10.12
2017-02-23,-10.34,-1.7,-17.62,60.04,2.85,0.0,17.61
2017-02-24,-8.75,-0.14,-15.41,64.69,3.37,0.0,17.02
2017-02-25,-6.69,0.27,-13.37,67.86,2.8,0.0,17.06
2017-02-26,-5.0,2.68,-11.34,63.91,1.95,0.0,16.38
2017-02-27,-4.17,3.48,-10.23,61.73,2.51,0.0,17.31
2017-02-28,-4.29,2.68,-11.08,58.8,3.9,0.41,18.5
2017-03-01,-9.65,-4.04,-15.15,52.95,5.76,0.0,18.3
2017-03-02,-5.54,2.74,-12.13,53.74,2.61,0.0,18.84
2017-03-03,-0.7,6.66,-8.92,41.02,1.72,0.0,18.35
2017-03-04,-1.85,5.44,-7.37,46.29,3.79,0.0,17.65
2017-03-05,-7.05,-2.79,-11.24,52.19,5.22,0.02,18.85
2017-03-06,-7.67,-2.15,-13.39,61.54,5.07,0.0,14.86
2017-03-07,-9.96,-3.26,-15.75,52.44,4.16,0.0,20.2
2017-03-08,-7.14,0.77,-14.07,50.58,3.8,0.0,20.34
2017-03-09,-3.17,4.81,-12.04,41.76,2.52,0.0,20.52
2017-03-10,-1.01,5.17,-7.2,40.52,1.9,0.0,17.59
2017-03-11,-1.52,4.11,-7.4,50.56,4.07,0.0,15.88
2017-03-12,-4.91,2.32,-12.06,36.79,3.82,0.0,21.22
2017-03-13,-3.28,4.72,-10.84,40.75,1.83,0.0,21.42
2017-03-14,-0.47,5.58,-6.85,36.91,1.56,0.0,19.62
2017-03-15,1.17,7.21,-3.1,44.33,1.88,0.0,15.45
2017-03-16,0.79,5.0,-3.38,64.89,2.12,0.46,14.53
2017-03-17,0.89,5.48,-2.97,66.37,1.44,1.3,14.12
2017-03-18,2.22,8.23,-2.75,44.34,1.1,0.0,20.14
2017-03-19,2.61,8.87,-3.65,67.04,1.5,0.08,12.19
2017-03-20,2.15,8.71,-3.62,47.99,3.13,0.15,10.21
2017-03-21,1.4,7.14,-4.2,52.4,1.8,0.41,11.18
2017-03-22,0.43,4.27,-2.66,87.09,2.06,1.72,6.89
2017-03-23,-0.67,3.85,-5.47,88.76,2.99,8.44,4.8
2017-03-24,-4.57,-0.55,-7.51,77.12,3.3,2.22,12.32
2017-03-25,-4.64,-0.43,-9.5,68.25,4.29,0.21,11.76
2017-03-26,-4.41,1.3,-10.07,62.07,3.45,0.09,19.25
2017-03-27,-1.38,5.03,-7.2,60.36,1.5,0.0,14.96
2017-03-28,1.14,7.53,-5.12,51.93,2.11,0.0,20.26
2017-03-29,3.0,10.71,-2.56,46.42,2.87,0.0,21.35
2017-03-30,-0.44,5.77,-5.67,44.89,4.87,0.0,24.23
2017-03-31,0.02,7.9,-5.64,41.37,2.53,0.0,25.16
2017-04-01,4.2,14.04,-3.55,35.56,3.51,0.0,24.75
2017-04-02,7.02,14.76,-0.13,30.8,2.04,0.0,23.58
2017-04-03,8.53,16.82,-1.06,41.07,2.62,0.0,20.53
2017-04-04,5.46,9.06,0.45,89.86,2.11,0.76,9.99
2017-04-05,6.7,15.06,-0.47,73.54,2.24,0.01,22.9
2017-04-06,8.81,16.31,0.97,61.71,3.55,0.08,19.97
2017-04-07,8.27,14.44,2.82,66.52,3.89,0.91,8.84
2017-04-08,4.1,10.17,-0.5,47.22,3.43,0.16,15.1
2017-04-09,3.53,9.52,-2.28,55.55,2.46,0.24,10.6
2017-04-10,6.21,14.99,-0.77,56.09,3.42,0.02,17.08
2017-04-11,3.2,10.78,-3.65,34.29,3.92,0.0,26.83
2017-04-12,6.73,14.83,-2.52,33.64,3.22,0.0,22.99
2017-04-13,4.95,11.29,0.74,57.37,2.37,0.97,16.77
2017-04-14,8.85,16.93,0.77,40.97,2.64,0.0,21.49
2017-04-15,10.39,19.06,0.67,39.96,2.92,0.0,20.14
2017-04-16,9.45,16.19,3.21,43.98,4.53,0.0,18.63
2017-04-17,5.72,13.19,-0.96,43.2,4.73,0.0,15.83
2017-04-18,5.64,14.11,-5.26,31.05,4.37,0.11,25.61
2017-04-19,4.75,10.47,-0.65,39.79,5.55,0.43,22.72
2017-04-20,1.99,6.91,-1.83,48.36,3.84,0.5,19.69
2017-04-21,3.88,11.93,-4.06,35.37,3.51,0.0,29.19
2017-04-22,5.98,17.76,-3.9,41.45,5.47,0.0,27.99
2017-04-23,6.24,15.99,-3.37,40.19,3.76,0.0,27.62
2017-04-24,3.25,10.77,-4.12,25.26,5.06,0.0,28.07
2017-04-25,3.29,11.16,-3.0,33.78,2.98,0.0,29.06
2017-04-26,4.73,13.12,-3.74,34.42,2.75,0.0,29.9
2017-04-27,7.56,16.52,-2.55,25.7,3.76,0.0,29.94
2017-04-28,11.87,21.01,2.51,31.71,4.51,0.0,27.0
2017-04-29,14.04,24.34,3.52,30.3,2.89,0.0,29.45
2017-04-30,16.48,23.84,6.99,23.51,1.22,0.0,26.42
2017-05-01,10.38,14.08,5.81,61.42,3.34,0.83,10.24
2017-05-02,12.69,19.3,2.95,61.97,4.93,2.94,16.54
2017-05-03,8.46,13.41,-0.61,61.07,3.93,9.62,14.54
2017-05-04,6.82,14.34,-2.98,30.76,5.27,0.11,20.03
2017-05-05,3.37,9.98,-3.97,34.04,7.13,0.13,30.81
2017-05-06,9.52,19.74,-1.9,36.09,4.0,0.0,29.58
2017-05-07,13.18,21.61,4.82,29.41,2.53,0.0,29.48
2017-05-08,14.03,22.13,6.67,28.69,2.29,0.0,26.28
2017-05-09,11.58,20.89,4.54,45.82,2.61,0.11,20.77
2017-05-10,12.98,22.15,2.7,34.21,3.86,0.0,27.54
2017-05-11,8.38,13.89,3.0,30.55,6.45,0.0,31.2
2017-05-12,11.66,21.3,1.46,28.05,5.51,0.0,30.13
2017-05-13,9.56,18.77,0.03,40.47,5.01,0.0,28.92
2017-05-14,12.79,20.78,4.4,39.71,2.15,0.0,23.41
2017-05-15,14.96,23.01,6.73,33.15,2.42,0.0,27.56
2017-05-16,18.14,27.53,7.6,31.94,2.82,0.0,30.13
2017-05-17,20.11,28.95,9.57,28.66,1.58,0.0,31.24
2017-05-18,21.14,29.55,13.62,30.32,2.63,0.0,29.59
2017-05-19,20.6,28.77,11.67,42.64,2.61,0.0,27.23
2017-05-20,18.93,25.46,10.53,45.48,2.56,0.0,23.99
2017-05-21,15.67,21.12,8.01,66.33,2.81,7.07,15.51
2017-05-22,7.07,12.38,2.34,59.84,4.91,7.81,17.66
2017-05-23,12.09,20.1,1.08,31.4,1.86,0.0,31.06
2017-05-24,15.63,25.1,4.78,28.72,4.0,0.0,28.49
2017-05-25,18.17,25.46,7.12,29.35,1.26,0.0,32.12
2017-05-26,20.22,28.67,12.74,26.84,2.31,0.0,32.03
2017-05-27,22.5,33.38,10.83,25.78,2.59,0.0,30.67
2017-05-28,19.67,28.11,9.87,46.77,5.14,0.31,27.95
2017-05-29,15.5,22.92,9.67,66.0,3.06,1.35,18.61
2017-05-30,18.42,26.54,9.91,44.36,1.57,0.08,26.1
2017-05-31,19.47,29.39,9.79,30.64,3.87,0.07,29.42
2017-06-01,20.91,29.84,9.92,24.47,2.88,0.0,29.47
2017-06-02,18.18,24.19,10.9,30.48,5.14,0.0,26.85
2017-06-03,15.88,23.76,7.13,38.05,1.93,0.0,30.52
2017-06-04,18.09,25.21,8.09,37.22,2.04,0.0,25.41
2017-06-05,13.15,18.27,7.95,64.7,3.91,4.36,6.75
2017-06-06,11.47,19.2,6.24,70.44,3.23,5.0,9.53
2017-06-07,15.43,23.44,4.53,39.11,2.55,0.0,31.64
2017-06-08,18.39,25.46,9.18,29.01,2.01,0.0,30.09
2017-06-09,20.54,29.38,10.57,27.6,1.81,0.0,25.8
2017-06-10,19.49,26.65,12.89,40.6,1.78,0.58,19.39
2017-06-11,19.92,28.57,11.96,38.03,2.67,0.41,28.98
2017-06-12,20.23,29.25,11.08,41.44,1.62,2.31,30.35
2017-06-13,18.99,28.12,9.55,48.78,2.46,1.78,28.91
2017-06-14,19.68,27.79,9.75,43.03,1.65,0.0,23.59
2017-06-15,22.71,29.58,13.9,28.97,0.71,0.09,26.88
2017-06-16,22.91,30.41,15.42,35.43,2.42,0.88,25.97
2017-06-17,21.44,29.58,14.61,51.6,2.45,1.15,26.68
2017-06-18,18.53,23.67,13.85,53.5,2.34,3.0,14.76
2017-06-19,18.69,26.69,9.69,35.13,3.07,0.0,29.81
2017-06-20,20.47,28.07,10.56,36.8,2.16,0.0,30.6
2017-06-21,19.98,28.35,14.56,53.51,2.44,8.33,24.35
2017-06-22,15.65,18.1,12.18,74.05,1.65,24.25,15.86
2017-06-23,14.77,19.6,9.89,68.83,1.83,7.92,19.73
2017-06-24,16.53,23.6,9.38,60.97,3.08,0.41,14.95
2017-06-25,20.82,29.02,10.41,41.67,2.64,0.41,26.8
2017-06-26,22.95,30.48,15.09,38.17,0.86,0.04,28.95
2017-06-27,22.97,30.49,15.33,45.39,2.32,0.21,25.8
2017-06-28,24.2,33.27,15.58,49.67,2.35,2.89,21.63
2017-06-29,23.82,31.4,16.72,48.14,1.8,0.58,26.78
2017-06-30,23.83,31.65,15.84,51.56,1.28,0.1,25.84
2017-07-01,24.37,31.34,16.1,48.77,1.17,0.0,26.62
2017-07-02,25.45,33.15,17.56,46.66,1.1,0.58,25.94
2017-07-03,23.22,29.08,18.38,62.03,1.33,2.6,18.87
2017-07-04,21.45,27.97,17.4,64.7,2.4,1.05,27.0
2017-07-05,22.33,29.81,16.71,62.07,2.6,13.75,18.94
2017-07-06,19.44,25.75,14.37,66.59,3.18,12.57,17.07
2017-07-07,21.48,31.31,10.95,47.79,3.36,0.02,30.62
2017-07-08,23.29,31.7,15.58,39.72,3.48,0.0,27.21
2017-07-09,21.94,31.14,13.26,32.69,3.13,0.0,28.76
2017-07-10,22.99,32.18,13.45,28.61,2.69,0.0,30.95
2017-07-11,24.38,32.75,15.95,37.24,2.31,0.03,27.32
2017-07-12,25.47,34.71,16.03,43.48,2.83,0.0,29.72
2017-07-13,26.07,35.8,17.58,50.05,3.0,8.18,27.79
2017-07-14,22.74,28.05,16.01,61.66,1.82,2.27,20.39
2017-07-15,23.19,29.33,17.84,58.77,1.73,0.02,24.74
2017-07-16,24.3,32.6,15.72,56.9,2.17,0.0,29.17
2017-07-17,24.8,33.24,16.28,51.05,1.96,0.0,28.83
2017-07-18,25.77,33.41,17.87,48.14,1.02,0.0,23.99
2017-07-19,27.58,35.26,19.78,42.81,1.27,0.0,24.11
2017-07-20,24.59,30.63,19.46,57.07,2.62,0.65,15.64
2017-07-21,23.37,29.45,18.39,65.0,2.63,2.17,17.38
2017-07-22,21.67,26.62,17.54,73.08,2.6,9.91,12.2
2017-07-23,22.57,28.81,18.5,61.44,2.74,4.8,17.88
2017-07-24,20.6,26.61,16.43,57.76,2.9,1.18,7.89
2017-07-25,19.4,24.6,14.88,76.79,2.07,2.34,12.92
2017-07-26,22.53,28.82,16.82,57.67,2.72,5.1,21.45
2017-07-27,21.09,25.92,15.38,42.75,2.65,0.0,15.2
2017-07-28,20.75,27.73,14.59,51.24,1.9,0.0,24.5
2017-07-29,19.47,25.46,13.21,68.17,1.56,2.15,22.56
2017-07-30,23.06,31.42,14.7,52.02,1.18,2.19,27.29
2017-07-31,23.64,31.28,15.9,52.15,1.99,0.0,25.98
2017-08-01,22.62,28.12,17.11,55.58,1.72,0.12,18.53
2017-08-02,20.66,26.09,16.32,70.81,2.08,5.34,15.58
2017-08-03,22.42,30.09,13.56,54.5,2.52,0.59,27.93
2017-08-04,21.6,26.69,15.62,51.58,1.92,3.04,20.23
2017-08-05,21.41,29.73,13.88,52.83,2.52,1.21,26.8
2017-08-06,20.58,27.84,13.56,47.32,3.28,0.0,27.42
2017-08-07,20.81,27.72,15.22,54.69,1.52,8.06,19.7
2017-08-08,19.15,24.8,14.43,65.91,1.62,8.21,15.88
2017-08-09,20.36,27.2,13.31,59.1,2.18,2.75,24.5
2017-08-10,21.63,31.29,12.94,50.33,2.74,0.39,23.76
2017-08-11,21.15,28.7,13.43,44.97,2.54,0.04,28.12
2017-08-12,21.7,29.77,12.77,49.17,2.48,0.2,26.76
2017-08-13,20.46,25.82,14.17,64.38,1.43,6.78,25.25
2017-08-14,22.43,29.09,15.75,49.04,1.23,0.05,25.37
2017-08-15,22.26,29.82,16.26,44.39,1.57,0.0,23.21
2017-08-16,21.68,29.04,13.76,45.78,2.65,0.0,24.87
2017-08-17,21.91,28.6,15.92,55.25,1.53,1.33,20.32
2017-08-18,20.47,26.67,15.68,70.28,1.47,1.95,20.06
2017-08-19,21.41,28.68,14.48,66.5,1.79,0.24,23.58
2017-08-20,19.29,26.16,13.9,73.03,2.07,0.92,10.16
2017-08-21,19.85,25.84,13.32,59.36,1.18,0.0,20.09
2017-08-22,16.12,19.59,11.84,71.18,3.51,19.71,4.89
2017-08-23,17.94,25.45,9.99,57.13,2.38,0.05,18.31
2017-08-24,15.65,23.27,9.7,36.68,3.17,0.0,26.85
2017-08-25,14.45,21.88,6.69,39.42,2.96,0.0,23.02
2017-08-26,15.63,23.06,10.21,47.05,2.81,0.02,17.79
2017-08-27,13.05,17.42,9.26,81.49,2.14,9.1,6.26
2017-08-28,13.59,20.71,7.82,48.58,3.08,0.02,21.66
2017-08-29,16.01,24.8,7.87,43.49,1.95,0.0,23.21
2017-08-30,17.27,26.31,8.69,60.96,1.71,2.07,22.89
2017-08-31,18.34,25.58,13.04,51.23,1.7,1.3,21.2
2017-09-01,17.22,24.75,11.61,59.19,2.31,0.0,17.31
2017-09-02,15.77,22.12,9.35,70.11,2.1,2.79,20.83
2017-09-03,15.51,22.56,8.85,76.6,2.46,5.13,16.22
2017-09-04,16.1,22.94,10.87,72.14,2.21,1.53,16.17
2017-09-05,14.7,22.3,7.49,37.1,2.77,0.0,21.68
2017-09-06,17.11,26.27,8.36,35.08,1.84,0.0,24.1
2017-09-07,17.08,26.77,8.25,43.12,2.21,0.0,23.46
2017-09-08,18.38,26.74,10.28,51.97,2.5,0.01,23.01
2017-09-09,17.3,22.98,11.8,74.88,2.54,3.61,19.24
2017-09-10,15.49,23.62,8.01,52.58,2.62,1.96,19.5
2017-09-11,15.06,23.92,5.46,36.16,1.54,0.07,23.41
2017-09-12,17.19,25.6,8.79,42.66,1.8,0.0,22.04
2017-09-13,15.99,21.28,11.78,65.27,1.9,0.05,15.45
2017-09-14,14.45,17.53,11.77,82.53,2.82,1.22,5.61
2017-09-15,15.77,21.96,11.42,75.93,1.86,0.8,13.27
2017-09-16,13.72,21.69,6.48,45.23,3.55,0.09,21.59
2017-09-17,14.0,23.26,5.29,36.75,1.66,0.01,20.54
2017-09-18,14.78,25.05,6.79,49.91,2.99,0.08,20.47
2017-09-19,13.3,21.97,5.49,33.92,2.48,0.0,22.86
2017-09-20,14.8,24.3,5.58,39.52,2.61,0.0,20.87
2017-09-21,13.88,23.23,5.59,46.17,4.39,0.51,17.19
2017-09-22,9.46,18.6,1.3,42.63,2.83,0.0,20.53
2017-09-23,11.9,21.9,1.85,55.74,2.67,0.0,19.17
2017-09-24,15.26,23.85,5.95,48.74,2.32,0.14,18.33
2017-09-25,15.24,21.98,9.91,70.8,2.74,11.5,16.68
2017-09-26,12.06,18.94,6.23,43.25,2.43,0.85,17.19
2017-09-27,6.71,14.38,-1.92,34.07,3.59,0.23,21.2
2017-09-28,4.81,13.61,-3.11,32.43,2.57,0.0,20.47
2017-09-29,9.9,19.52,1.29,30.7,2.26,0.0,20.06
2017-09-30,11.51,19.12,2.53,66.23,3.17,0.0,15.61
2017-10-01,7.03,12.79,2.83,49.25,4.01,0.11,13.76
2017-10-02,4.77,8.87,1.39,53.99,2.6,0.94,9.49
2017-10-03,5.99,14.35,-0.58,38.45,1.29,0.0,16.65
2017-10-04,6.35,13.83,-0.94,58.46,3.08,0.0,13.09
2017-10-05,8.23,14.77,4.41,83.19,3.95,0.0,9.86
2017-10-06,8.65,15.99,4.11,79.57,3.01,0.0,11.37
2017-10-07,9.95,16.66,5.43,78.0,1.84,0.0,15.57
2017-10-08,9.48,14.08,4.57,73.47,3.09,1.61,5.05
2017-10-09,1.95,4.06,0.45,75.63,5.56,14.39,5.38
2017-10-10,1.1,6.36,-3.97,78.75,2.1,5.42,8.04
2017-10-11,0.29,7.04,-6.1,66.1,1.67,0.21,16.73
2017-10-12,1.07,7.26,-3.73,57.83,2.5,0.77,14.41
2017-10-13,2.31,10.15,-3.64,41.94,1.6,0.0,17.56
2017-10-14,3.66,12.4,-3.91,60.3,2.23,0.11,14.9
2017-10-15,4.63,13.33,-1.43,39.83,1.63,0.01,15.23
2017-10-16,4.95,13.28,-2.59,65.39,2.01,0.0,13.96
2017-10-17,4.51,7.0,2.61,92.07,1.63,5.52,4.22
2017-10-18,5.93,13.64,1.12,74.02,1.14,0.92,6.79
2017-10-19,5.05,11.72,1.13,81.18,1.63,0.01,12.64
2017-10-20,6.84,15.41,1.64,68.27,1.57,0.0,14.38
2017-10-21,5.17,10.4,0.19,68.03,1.65,0.57,7.21
2017-10-22,4.72,13.18,-0.62,59.99,2.83,0.0,15.8
2017-10-23,4.0,11.7,-2.57,65.54,1.62,0.0,15.61
2017-10-24,4.16,10.98,-2.51,84.52,1.6,0.01,13.16
2017-10-25,6.26,10.68,2.17,87.08,1.9,2.44,4.13
2017-10-26,4.7,10.36,0.49,80.15,2.09,0.56,10.91
2017-10-27,4.62,13.28,-2.18,63.36,3.0,0.0,14.01
2017-10-28,-4.01,0.42,-7.71,40.36,5.01,0.06,15.37
2017-10-29,-2.55,3.81,-7.56,39.48,2.39,0.0,15.81
2017-10-30,-1.68,5.9,-6.69,51.18,2.18,0.0,14.43
2017-10-31,0.91,9.49,-2.97,60.81,2.33,0.0,13.04
2017-11-01,2.39,7.38,-2.23,53.96,1.82,0.0,11.56
2017-11-02,-0.75,5.4,-5.49,54.5,3.58,0.0,13.95
2017-11-03,-2.55,3.54,-6.34,46.89,2.2,0.0,14.21
2017-11-04,-0.83,6.69,-5.89,56.97,2.14,0.0,13.56
2017-11-05,0.39,6.0,-3.12,91.16,1.74,0.0,12.29
2017-11-06,2.07,9.86,-3.25,75.21,2.58,0.0,10.28
2017-11-07,-0.11,6.38,-4.69,46.25,2.47,0.0,12.99
2017-11-08,2.02,8.51,-2.85,46.16,1.68,0.0,9.91
2017-11-09,0.06,4.46,-5.03,69.58,4.23,0.15,5.28
2017-11-10,-5.35,-0.59,-8.73,48.39,3.84,0.04,13.52
2017-11-11,-3.43,1.92,-7.18,56.64,3.23,0.0,11.88
2017-11-12,-2.87,3.15,-7.7,61.25,3.52,0.0,12.11
2017-11-13,-7.37,-2.74,-12.89,50.76,3.86,0.0,11.46
2017-11-14,-9.35,-1.98,-15.17,42.1,3.08,0.0,12.61
2017-11-15,-7.66,-0.78,-13.33,44.54,1.97,0.0,10.82
2017-11-16,-4.07,3.03,-9.22,50.22,2.71,0.0,11.74
2017-11-17,-11.64,-8.04,-15.75,46.81,6.64,0.0,10.02
2017-11-18,-11.07,-3.19,-17.13,42.15,2.79,0.0,12.46
2017-11-19,-8.73,-0.17,-14.64,45.8,2.85,0.0,10.25
2017-11-20,-7.54,0.61,-12.71,62.56,2.59,0.0,11.85
2017-11-21,-7.71,-0.62,-12.2,66.81,3.6,0.0,11.16
2017-11-22,-11.34,-6.78,-16.08,60.94,4.18,0.03,9.48
2017-11-23,-12.86,-7.14,-17.26,62.35,4.12,0.01,9.14
2017-11-24,-11.45,-3.98,-17.76,69.77,3.27,0.04,7.01
2017-11-25,-7.2,-1.04,-11.41,64.14,4.26,0.33,8.21
2017-11-26,-7.87,-1.54,-13.65,64.23,2.78,0.0,10.95
2017-11-27,-6.29,0.42,-10.39,72.08,3.14,0.0,9.86
2017-11-28,-12.37,-9.23,-15.25,41.8,4.47,0.0,11.3
2017-11-29,-11.26,-4.33,-15.95,38.17,2.29,0.0,8.05
2017-11-30,-12.31,-4.85,-18.42,52.7,2.66,0.0,11.01
2017-12-01,-10.87,-4.34,-15.17,54.39,2.28,0.0,10.03
2017-12-02,-9.09,-0.25,-14.39,65.07,1.82,0.0,10.32
2017-12-03,-12.09,-7.73,-16.92,54.59,4.44,0.0,8.11
2017-12-04,-14.45,-8.59,-19.11,60.72,3.89,0.0,9.97
2017-12-05,-10.46,-1.45,-16.03,59.83,3.07,0.0,10.29
2017-12-06,-9.85,-2.35,-14.35,60.74,3.02,0.0,10.11
2017-12-07,-12.72,-7.98,-15.64,69.25,5.09,0.0,10.13
2017-12-08,-9.74,-1.12,-16.09,56.29,2.74,0.0,9.85
2017-12-09,-8.92,-2.55,-12.89,50.68,2.79,0.0,9.15
2017-12-10,-11.96,-6.49,-16.09,72.14,4.2,0.01,9.3
2017-12-11,-12.41,-7.3,-17.19,67.71,2.67,0.0,9.23
2017-12-12,-9.72,-2.16,-14.21,62.53,1.71,0.0,8.97
2017-12-13,-9.41,-4.09,-14.45,63.8,1.12,0.0,7.88
2017-12-14,-8.77,-3.74,-14.22,82.03,2.53,0.06,4.01
2017-12-15,-14.51,-9.72,-17.89,60.52,5.41,0.0,8.34
2017-12-16,-15.83,-10.07,-19.6,59.75,5.59,0.0,8.75
2017-12-17,-12.87,-4.04,-18.62,53.42,2.97,0.0,9.42
2017-12-18,-13.08,-6.84,-17.37,67.77,4.28,0.0,9.19
2017-12-19,-12.16,-3.59,-17.25,71.64,3.27,0.0,9.24
2017-12-20,-10.11,-2.66,-16.32,73.09,2.91,0.0,9.71
2017-12-21,-10.49,-4.11,-15.13,77.56,2.14,0.0,9.21
2017-12-22,-8.67,-0.37,-14.91,51.99,2.01,0.0,8.21
2017-12-23,-9.11,-2.05,-14.46,71.73,2.78,0.0,7.26
2017-12-24,-12.05,-7.89,-15.2,64.28,3.83,0.0,9.48
2017-12-25,-11.49,-3.24,-16.06,67.73,1.81,0.0,8.66
2017-12-26,-11.25,-4.68,-15.58,72.21,1.88,0.0,9.34
2017-12-27,-9.14,-3.62,-14.94,75.52,1.13,0.0,9.08
2017-12-28,-4.32,2.63,-8.64,60.1,0.93,0.0,8.58
2017-12-29,-6.87,-0.67,-12.68,53.3,2.03,0.0,5.37
2017-12-30,-13.28,-8.91,-16.82,53.21,2.93,0.0,9.17
2017-12-31,-11.96,-5.12,-17.44,47.52,1.59,0.0,9.64
2018-01-01,-10.64,-4.26,-15.32,47.25,1.42,0.0,9.62
2018-01-02,-14.44,-8.83,-17.87,60.01,4.12,0.0,8.99
2018-01-03,-14.48,-7.81,-19.84,51.13,3.18,0.0,8.55
2018-01-04,-12.13,-8.17,-14.97,55.4,1.68,0.01,6.47
2018-01-05,-11.3,-4.68,-15.72,66.48,1.53,0.0,8.89
2018-01-06,-10.4,-6.66,-13.98,62.87,1.27,1.12,4.41
2018-01-07,-14.25,-9.54,-19.81,71.13,3.13,0.11,5.44
2018-01-08,-17.2,-13.09,-20.64,75.9,5.88,0.1,6.81
2018-01-09,-16.74,-12.87,-20.27,71.12,6.56,0.03,7.69
2018-01-10,-16.54,-10.7,-20.81,70.1,5.35,0.0,9.06
2018-01-11,-15.66,-7.48,-22.01,63.31,3.12,0.0,9.41
2018-01-12,-14.5,-8.37,-18.72,80.83,1.81,0.0,9.42
2018-01-13,-12.68,-7.2,-16.82,92.59,2.33,0.0,9.07
2018-01-14,-11.63,-4.66,-16.2,70.38,2.51,0.0,10.57
2018-01-15,-9.88,-2.67,-15.81,56.86,3.41,0.0,8.28
2018-01-16,-12.78,-7.42,-18.86,67.75,2.43,0.01,10.29
2018-01-17,-12.4,-6.67,-17.02,59.46,3.32,0.1,11.07
2018-01-18,-13.14,-4.01,-20.03,63.26,2.75,0.0,11.26
2018-01-19,-11.32,-3.51,-16.18,57.03,2.21,0.0,11.0
2018-01-20,-10.63,-3.19,-15.44,57.77,2.25,0.0,11.13
2018-01-21,-12.35,-7.35,-16.63,73.26,2.26,0.37,5.71
2018-01-22,-20.37,-15.92,-27.18,51.16,5.76,0.0,8.25
2018-01-23,-22.84,-15.57,-28.05,45.41,3.83,0.0,9.91
2018-01-24,-20.22,-12.68,-25.96,46.9,3.19,0.0,10.46
2018-01-25,-17.37,-11.9,-23.52,50.36,2.69,0.0,9.26
2018-01-26,-13.31,-8.85,-17.96,77.16,1.35,0.02,8.08
2018-01-27,-15.93,-10.73,-25.39,72.91,4.15,0.17,6.31
2018-01-28,-21.17,-15.02,-26.52,54.94,6.91,0.0,11.53
2018-01-29,-17.41,-10.43,-22.85,65.21,4.03,0.0,10.6
2018-01-30,-16.13,-7.97,-22.27,55.98,3.17,0.0,12.07
2018-01-31,-15.82,-7.79,-21.97,60.92,2.36,0.0,11.49
2018-02-01,-16.39,-10.73,-20.86,64.04,4.11,0.01,10.79
2018-02-02,-19.32,-12.77,-24.36,62.17,3.69,0.0,12.44
2018-02-03,-17.86,-10.87,-22.96,62.45,3.65,0.0,12.61
2018-02-04,-15.51,-7.0,-21.65,70.0,4.06,0.0,13.09
2018-02-05,-14.57,-6.33,-20.44,67.92,2.74,0.0,13.13
2018-02-06,-13.37,-4.93,-19.22,61.04,3.34,0.0,13.07
2018-02-07,-16.03,-9.7,-21.29,61.31,3.51,0.01,13.86
2018-02-08,-14.1,-6.25,-19.6,60.98,3.1,0.0,11.23
2018-02-09,-17.47,-12.93,-21.89,58.02,4.01,0.0,13.54
2018-02-10,-18.91,-13.29,-24.86,60.5,4.55,0.0,12.92
2018-02-11,-18.81,-13.96,-24.43,56.92,6.65,0.0,13.54
2018-02-12,-12.97,-3.37,-21.49,56.25,4.18,0.0,14.92
2018-02-13,-10.39,0.84,-18.06,63.1,3.07,0.0,13.53
2018-02-14,-11.67,-5.87,-15.5,50.63,3.35,0.0,12.27
2018-02-15,-9.25,-0.34,-16.89,42.97,2.34,0.0,13.02
2018-02-16,-8.51,-0.89,-16.13,45.17,2.93,0.0,14.56
2018-02-17,-6.21,0.21,-11.29,55.2,1.84,0.0,8.81
2018-02-18,-6.01,1.69,-12.05,50.53,1.91,0.0,15.26
2018-02-19,-8.86,-1.73,-14.44,50.08,3.24,0.02,12.79
2018-02-20,-11.28,-4.12,-17.7,44.87,2.64,0.0,15.1
2018-02-21,-10.79,-3.21,-16.46,40.85,2.96,0.0,15.37
2018-02-22,-9.49,-2.22,-15.01,41.03,3.44,0.0,16.39
2018-02-23,-7.74,0.15,-12.91,44.8,2.58,0.0,10.63
2018-02-24,-6.95,1.09,-13.84,47.71,2.22,0.0,13.78
2018-02-25,-3.18,4.34,-10.21,54.57,2.48,0.0,15.72
2018-02-26,-1.78,7.16,-9.09,43.2,3.06,0.0,17.07
2018-02-27,-1.15,6.48,-7.24,43.41,2.16,0.0,14.1
2018-02-28,-3.1,4.69,-11.42,44.34,6.36,0.02,17.18
2018-03-01,-7.45,0.34,-14.93,40.22,3.61,0.0,17.7
2018-03-02,-0.8,9.12,-9.63,58.79,3.34,0.0,16.59
2018-03-03,0.49,6.28,-2.83,46.28,2.59,0.0,11.34
2018-03-04,-1.15,4.98,-5.64,29.35,3.91,0.0,15.35
2018-03-05,-2.31,6.03,-8.63,31.92,2.55,0.0,19.36
2018-03-06,-0.72,5.63,-6.87,61.64,4.01,0.94,11.28
2018-03-07,-4.29,-0.9,-10.65,56.9,6.16,0.17,17.42
2018-03-08,-5.6,1.96,-12.56,41.33,2.13,0.0,20.24
2018-03-09,-1.3,9.66,-10.05,48.82,3.04,0.0,17.64
2018-03-10,2.98,10.2,-2.89,29.76,1.32,0.0,20.13
2018-03-11,2.43,11.3,-3.28,56.8,2.31,0.0,15.64
2018-03-12,4.46,14.48,-1.84,55.12,2.49,0.0,18.16
2018-03-13,7.34,16.94,-1.58,33.28,2.11,0.0,18.99
2018-03-14,4.95,15.49,-5.69,44.12,4.72,0.0,14.61
2018-03-15,-3.32,3.62,-8.68,33.44,5.76,0.0,18.06
2018-03-16,-0.64,6.47,-6.34,50.13,2.67,0.92,12.17
2018-03-17,1.11,8.65,-3.27,75.78,2.08,1.25,5.77
2018-03-18,2.76,10.63,-3.08,40.23,2.84,0.0,18.6
2018-03-19,3.73,10.9,-1.51,36.26,1.96,0.0,18.01
2018-03-20,2.18,9.19,-3.32,63.49,2.32,0.01,14.37
2018-03-21,1.74,8.64,-3.52,72.48,1.79,1.7,13.12
2018-03-22,3.74,11.93,-3.34,54.61,2.18,0.01,19.57
2018-03-23,4.47,12.66,-2.94,35.41,2.74,0.0,20.72
2018-03-24,5.61,14.31,-2.15,25.06,1.96,0.0,23.49
2018-03-25,7.0,15.78,0.4,30.79,2.77,0.0,22.95
2018-03-26,8.05,18.72,-1.04,41.94,2.83,0.0,17.79
2018-03-27,9.51,20.34,-0.44,42.12,3.62,0.0,12.72
2018-03-28,10.73,18.98,3.56,38.47,2.76,0.0,16.53
2018-03-29,9.81,19.07,2.04,43.5,5.15,0.0,18.56
2018-03-30,9.27,19.05,3.46,59.9,4.86,0.02,12.91
2018-03-31,9.07,17.09,2.75,40.3,3.37,0.0,20.29
2018-04-01,9.63,19.77,0.67,30.49,4.14,0.0,20.17
2018-04-02,8.1,16.59,0.23,44.05,4.33,0.0,19.37
2018-04-03,-1.33,2.54,-6.57,62.18,4.04,4.22,9.24
2018-04-04,-2.09,3.32,-6.64,84.38,4.4,12.05,5.5
2018-04-05,-4.07,-0.4,-7.97,62.97,7.3,0.27,16.82
2018-04-06,-7.87,-4.1,-11.97,53.78,7.16,0.62,19.53
2018-04-07,-1.4,8.98,-12.44,40.12,4.51,0.0,22.69
2018-04-08,5.4,13.89,-3.89,36.51,2.57,0.0,24.75
2018-04-09,6.95,17.18,-2.51,37.15,3.94,0.0,15.83
2018-04-10,4.61,10.45,-1.47,51.58,5.49,0.11,24.7
2018-04-11,7.3,16.92,-2.25,35.2,2.72,0.0,21.97
2018-04-12,10.46,19.27,1.14,37.15,4.29,1.88,20.27
2018-04-13,4.84,11.47,-2.17,47.89,5.81,3.94,19.69
2018-04-14,0.69,7.84,-5.41,43.48,5.36,0.0,28.16
2018-04-15,4.98,14.07,-4.02,30.69,2.63,0.0,27.93
2018-04-16,6.89,16.11,-2.68,37.83,3.17,0.0,26.0
2018-04-17,10.39,21.75,0.35,44.92,2.34,0.0,25.8
2018-04-18,15.2,25.56,6.28,34.64,2.37,0.0,25.66
2018-04-19,17.16,27.57,6.47,39.57,5.81,0.0,22.49
2018-04-20,14.03,24.03,5.74,65.78,5.93,10.01,12.44
2018-04-21,11.3,20.35,3.35,61.56,5.18,0.19,23.54
2018-04-22,12.03,20.39,5.39,60.61,2.86,0.32,14.21
2018-04-23,7.02,14.17,1.01,54.76,4.98,0.03,22.96
2018-04-24,7.02,15.05,-1.2,49.75,2.3,0.0,20.45
2018-04-25,10.34,18.69,3.04,39.1,2.22,0.0,27.67
2018-04-26,12.89,22.55,3.66,31.82,3.95,0.0,28.01
2018-04-27,13.31,23.12,2.43,24.46,2.48,0.0,28.97
2018-04-28,15.28,24.88,4.92,38.92,2.94,0.0,28.2
2018-04-29,12.15,18.23,6.07,45.02,3.65,0.0,19.66
2018-04-30,11.55,20.12,4.85,41.43,4.11,0.0,20.86
2018-05-01,6.94,12.95,0.95,45.67,3.65,0.06,18.49
2018-05-02,7.64,15.16,-0.54,32.22,3.42,0.0,25.9
2018-05-03,11.15,21.26,0.05,27.59,2.14,0.0,29.66
2018-05-04,14.99,26.21,4.13,30.46,4.07,0.0,26.09
2018-05-05,12.33,19.16,5.47,24.04,3.6,0.0,20.09
2018-05-06,14.25,23.06,3.35,22.58,1.77,0.0,26.09
2018-05-07,15.93,24.77,5.82,29.62,1.85,0.0,29.48
2018-05-08,15.76,23.67,7.47,44.62,2.79,0.0,27.44
2018-05-09,14.46,22.29,6.38,48.04,3.84,0.03,23.46
2018-05-10,12.1,19.11,8.49,69.23,2.42,11.33,10.01
2018-05-11,13.61,21.32,7.01,51.93,3.07,1.37,24.2
2018-05-12,11.69,17.97,4.15,42.21,2.35,0.1,20.27
2018-05-13,16.54,27.2,4.53,37.21,3.44,0.0,27.3
2018-05-14,20.44,30.84,9.15,46.74,3.64,0.0,29.71
2018-05-15,20.9,29.84,10.58,50.19,3.39,0.0,28.97
2018-05-16,18.55,26.61,12.65,45.32,5.72,0.31,24.58
2018-05-17,16.91,25.44,9.83,49.62,4.36,4.53,27.5
2018-05-18,15.5,23.65,6.07,45.33,3.03,0.0,30.96
2018-05-19,12.66,15.41,9.24,89.27,3.97,25.82,3.5
2018-05-20,14.07,20.56,8.29,75.76,2.63,1.57,13.85
2018-05-21,13.26,20.88,6.76,72.23,4.85,6.07,8.82
2018-05-22,8.8,14.7,0.85,26.48,5.58,0.0,32.0
2018-05-23,13.54,24.54,1.56,29.96,4.2,0.0,32.51
2018-05-24,16.37,25.19,5.38,37.45,2.1,0.0,29.05
2018-05-25,21.12,29.18,12.91,29.16,1.9,0.0,25.02
2018-05-26,13.27,19.35,7.61,38.85,5.05,0.38,15.72
2018-05-27,15.16,24.58,5.1,29.36,4.75,0.0,29.63
2018-05-28,11.73,19.08,5.16,32.79,4.23,0.0,32.28
2018-05-29,13.45,21.54,3.62,38.24,3.43,0.0,32.36
2018-05-30,17.26,25.37,7.88,32.1,2.2,0.0,31.76
2018-05-31,18.91,27.38,9.71,31.26,2.07,0.0,32.1
2018-06-01,19.05,27.52,10.07,39.81,2.84,0.0,27.65
2018-06-02,17.98,26.23,10.79,46.77,2.91,0.27,20.8
2018-06-03,13.22,19.26,7.76,33.14,4.46,0.0,22.66
2018-06-04,17.42,27.71,6.2,23.89,4.34,0.0,31.8
2018-06-05,19.45,28.85,9.73,25.91,3.86,0.0,24.22
2018-06-06,17.94,24.56,12.0,37.58,3.59,0.0,21.95
2018-06-07,15.7,21.5,9.39,42.4,2.95,0.0,28.25
2018-06-08,15.73,20.32,9.7,46.48,1.09,0.01,19.51
2018-06-09,17.33,25.13,7.74,46.01,2.36,0.59,22.99
2018-06-10,19.63,27.99,9.48,31.49,2.47,0.0,24.04
2018-06-11,20.29,29.07,12.19,32.7,3.2,0.0,23.94
2018-06-12,19.05,27.12,10.7,27.35,3.82,0.12,24.12
2018-06-13,17.02,24.48,8.31,40.59,3.75,0.0,29.26
2018-06-14,20.85,29.12,10.59,35.6,1.95,0.0,31.53
2018-06-15,20.97,28.41,11.95,38.77,3.24,0.0,23.07
2018-06-16,18.45,22.78,14.06,64.92,2.48,6.65,12.83
2018-06-17,19.35,26.22,12.41,55.47,1.53,0.13,25.2
2018-06-18,20.1,27.73,12.54,48.72,3.27,0.35,26.91
2018-06-19,18.92,26.86,10.89,29.61,3.42,0.0,32.25
2018-06-20,21.09,29.32,10.83,29.38,1.16,0.0,28.47
2018-06-21,20.47,28.55,14.92,43.8,2.92,0.38,15.89
2018-06-22,21.34,30.47,12.36,51.2,1.45,0.58,24.06
2018-06-23,24.54,33.13,14.64,43.44,2.14,0.1,24.82
2018-06-24,21.66,27.24,18.11,60.69,2.28,5.63,13.73
2018-06-25,21.22,25.74,16.97,58.69,1.62,0.62,17.42
2018-06-26,22.98,30.93,14.02,32.05,2.92,0.0,28.67
2018-06-27,20.58,27.55,14.16,36.26,4.49,0.0,30.53
2018-06-28,21.04,28.51,12.18,37.86,3.01,0.0,31.74
2018-06-29,22.51,30.01,16.86,38.14,1.35,0.0,18.06
2018-06-30,23.18,31.03,16.18,42.22,1.77,0.86,26.58
2018-07-01,21.14,26.51,14.39,54.31,3.0,0.02,18.18
2018-07-02,18.75,22.49,14.98,71.27,3.98,3.61,7.63
2018-07-03,19.92,25.96,13.95,68.55,2.09,5.11,17.95
2018-07-04,23.39,30.25,14.96,49.15,0.9,0.21,25.74
2018-07-05,25.28,31.52,18.84,40.0,1.15,0.22,25.68
2018-07-06,23.5,31.28,17.29,54.84,2.31,2.2,18.52
2018-07-07,19.38,24.53,14.69,79.82,2.03,21.81,10.39
2018-07-08,21.44,28.7,14.61,60.99,1.51,5.47,21.91
2018-07-09,19.81,26.72,13.45,63.37,2.45,3.25,22.96
2018-07-10,19.14,26.24,11.35,63.46,4.38,3.67,18.13
2018-07-11,19.19,26.28,14.89,73.44,2.07,24.21,14.15
2018-07-12,21.15,29.41,13.5,66.83,2.79,0.44,24.45
2018-07-13,21.92,29.43,14.8,66.56,1.83,7.36,25.98
2018-07-14,23.02,30.6,15.6,59.09,1.51,0.41,29.77
2018-07-15,22.04,26.63,18.01,80.48,4.06,9.42,12.95
2018-07-16,19.48,24.64,16.32,75.9,2.18,29.6,9.29
2018-07-17,20.6,26.86,16.91,80.59,2.01,23.7,19.7
2018-07-18,22.87,29.37,16.02,78.04,2.87,0.73,26.03
2018-07-19,21.52,24.63,19.08,92.32,4.32,22.31,10.15
2018-07-20,22.2,27.76,16.73,75.83,2.17,9.82,16.79
2018-07-21,20.93,25.36,16.4,78.29,1.29,9.7,20.79
2018-07-22,22.06,28.35,15.22,73.63,1.26,0.14,27.87
2018-07-23,20.55,24.22,17.59,89.21,2.2,6.52,18.39
2018-07-24,18.22,21.67,12.55,84.51,2.26,17.91,9.57
2018-07-25,18.23,24.93,11.15,73.97,2.12,0.31,26.64
2018-07-26,19.8,26.15,12.98,68.96,1.84,0.0,29.81
2018-07-27,21.28,26.85,15.52,82.38,2.16,0.01,21.05
2018-07-28,22.09,27.52,17.69,79.57,2.1,0.03,22.44
2018-07-29,23.32,28.61,17.59,73.84,1.58,0.06,22.95
2018-07-30,25.09,30.63,20.0,64.61,1.12,0.0,24.55
2018-07-31,24.16,31.13,18.05,67.48,1.76,0.0,26.91
2018-08-01,23.04,28.84,16.51,72.94,2.8,0.0,21.11
2018-08-02,23.43,28.9,18.56,74.75,2.81,0.0,20.12
2018-08-03,23.9,28.62,18.17,71.32,2.08,0.31,21.98
2018-08-04,25.15,30.51,19.9,65.78,1.1,1.37,22.53
2018-08-05,25.14,29.75,19.56,66.45,1.5,3.13,21.75
2018-08-06,22.96,29.24,18.32,76.21,2.31,8.42,16.97
2018-08-07,19.9,24.52,17.04,71.83,1.91,7.64,12.47
2018-08-08,23.49,29.39,17.28,56.77,1.41,1.34,25.12
2018-08-09,23.72,29.79,17.18,54.5,1.35,0.11,25.56
2018-08-10,22.44,27.82,18.93,66.14,1.47,0.68,22.26
2018-08-11,20.05,25.05,16.53,77.7,1.58,6.17,21.47
2018-08-12,20.08,23.87,15.49,76.99,1.8,0.98,19.66
2018-08-13,21.04,26.11,15.95,66.28,0.89,0.42,22.43
2018-08-14,21.29,28.89,13.91,58.89,2.09,0.17,25.87
2018-08-15,21.35,28.55,13.57,56.14,2.16,0.0,26.85
2018-08-16,21.52,28.54,15.57,67.97,1.75,0.74,22.5
2018-08-17,16.76,22.91,11.9,64.88,2.33,1.91,8.85
2018-08-18,18.99,27.33,10.19,49.96,1.36,0.01,26.93
2018-08-19,20.28,27.82,11.88,58.95,1.1,0.07,25.33
2018-08-20,20.57,28.78,12.41,46.49,2.9,0.81,24.9
2018-08-21,16.97,22.48,10.92,58.03,1.61,0.0,16.57
2018-08-22,18.17,24.36,11.33,54.54,1.38,1.1,21.55
2018-08-23,18.49,23.72,12.54,61.63,1.13,6.55,22.71
2018-08-24,19.35,25.5,12.37,57.25,0.79,0.1,23.98
2018-08-25,17.52,22.68,12.07,73.71,1.54,2.78,13.55
2018-08-26,19.7,25.22,13.1,68.08,1.4,0.72,21.59
2018-08-27,19.99,24.85,15.89,74.06,2.84,13.78,13.49
2018-08-28,18.32,24.91,13.03,68.57,3.18,1.14,23.49
2018-08-29,18.75,25.13,12.24,60.53,2.39,1.14,22.74
2018-08-30,17.85,24.47,13.03,68.13,2.38,5.85,19.86
2018-08-31,18.18,24.62,11.74,75.0,2.67,1.64,13.43
2018-09-01,15.9,18.61,13.52,92.9,3.73,51.73,3.25
2018-09-02,16.32,23.26,9.77,69.57,2.65,0.09,20.71
2018-09-03,12.94,19.18,7.75,70.58,3.92,0.0,20.6
2018-09-04,14.19,21.11,6.47,62.73,2.09,0.0,20.26
2018-09-05,15.58,22.97,8.64,56.94,2.81,0.13,21.69
2018-09-06,8.96,13.95,4.0,71.06,5.64,0.45,12.54
2018-09-07,9.39,16.57,3.34,65.5,3.26,0.0,24.87
2018-09-08,11.2,18.58,3.58,54.13,1.33,0.0,24.33
2018-09-09,12.45,19.03,6.82,52.99,1.62,0.0,21.45
2018-09-10,11.1,16.36,5.1,79.05,3.66,3.78,5.15
2018-09-11,12.44,18.25,9.27,84.12,3.09,2.77,11.64
2018-09-12,13.87,20.89,8.91,79.84,2.16,1.41,21.77
2018-09-13,14.03,19.16,9.65,86.45,1.75,1.83,16.17
2018-09-14,12.68,19.06,6.4,79.0,3.72,2.0,12.84
2018-09-15,8.66,14.96,3.19,54.81,2.85,0.0,23.17
2018-09-16,9.92,16.93,2.84,41.59,1.17,0.0,24.01
2018-09-17,9.58,13.94,5.87,50.0,1.26,0.0,12.15
2018-09-18,11.63,18.89,5.77,54.62,1.1,0.06,13.23
2018-09-19,12.63,18.64,7.56,60.08,1.39,0.01,14.82
2018-09-20,9.95,18.08,2.27,53.97,3.13,0.0,20.05
2018-09-21,5.37,12.93,-1.24,52.37,4.14,0.0,22.89
2018-09-22,4.56,11.85,-2.54,54.36,4.28,0.0,22.56
2018-09-23,6.24,14.9,-0.86,60.9,2.99,0.0,22.34
2018-09-24,9.21,17.49,0.53,56.82,1.75,0.0,20.63
2018-09-25,9.56,15.31,3.86,82.82,1.78,0.03,4.74
2018-09-26,10.83,16.33,6.89,78.68,1.98,0.04,8.49
2018-09-27,7.61,10.75,1.02,82.45,3.66,13.78,5.65
2018-09-28,5.29,11.54,-0.51,69.34,2.95,1.01,15.58
2018-09-29,3.02,9.18,-3.02,64.64,4.0,0.38,18.51
2018-09-30,3.36,9.13,-2.19,78.8,5.68,0.37,13.04
2018-10-01,6.0,14.0,-0.42,68.81,3.59,0.01,18.72
2018-10-02,6.92,15.63,-1.07,54.17,2.05,0.0,20.48
2018-10-03,9.16,16.36,3.08,39.73,1.41,0.0,20.11
2018-10-04,8.47,16.77,0.88,56.66,2.45,0.0,17.67
2018-10-05,4.59,9.52,-1.78,70.44,2.6,1.05,9.83
2018-10-06,0.94,7.88,-4.51,48.28,3.26,0.0,20.2
2018-10-07,2.04,10.49,-4.4,51.4,3.04,0.0,19.76
2018-10-08,0.99,9.31,-5.4,59.87,2.72,0.0,15.16
2018-10-09,-1.45,4.88,-5.49,60.33,3.17,0.0,16.01
2018-10-10,-0.54,6.2,-4.82,61.89,2.88,0.0,18.82
2018-10-11,2.34,9.37,-4.28,48.5,0.95,0.0,18.27
2018-10-12,4.65,12.34,-3.36,44.53,1.46,0.0,17.59
2018-10-13,6.4,13.04,0.19,64.58,1.29,0.11,12.8
2018-10-14,7.12,12.82,2.84,73.18,0.83,0.76,9.85
2018-10-15,5.69,13.2,-1.17,56.89,2.51,0.91,14.47
2018-10-16,3.59,12.41,-3.28,46.64,2.03,0.0,17.81
2018-10-17,3.49,12.9,-3.35,45.06,2.34,0.0,17.15
2018-10-18,2.61,8.83,-3.89,70.01,2.3,0.04,9.32
2018-10-19,3.38,8.99,-2.0,86.42,2.02,0.24,4.67
2018-10-20,3.38,7.32,0.13,80.55,2.32,0.02,7.52
2018-10-21,3.2,9.83,-1.96,83.61,2.1,0.02,8.4
2018-10-22,-0.23,6.25,-4.81,61.42,3.67,0.0,12.9
2018-10-23,0.92,8.81,-5.23,56.55,2.61,0.0,15.91
2018-10-24,3.5,11.76,-2.74,54.25,1.83,0.0,15.31
2018-10-25,0.95,6.4,-5.29,47.91,4.65,0.01,14.58
2018-10-26,-3.2,1.66,-6.74,54.42,6.15,0.0,15.67
2018-10-27,0.46,7.03,-4.23,63.71,5.06,0.0,14.04
2018-10-28,2.13,8.14,-1.96,63.71,6.91,0.1,14.17
2018-10-29,0.16,6.34,-3.28,75.78,3.17,0.28,10.38
2018-10-30,1.92,9.41,-3.35,69.2,2.08,0.0,14.47
2018-10-31,2.92,10.97,-1.91,54.25,1.38,0.0,14.45
2018-11-01,3.16,11.27,-2.55,52.91,2.13,0.0,14.08
2018-11-02,3.73,12.24,-2.46,76.38,3.15,0.0,12.49
2018-11-03,1.88,8.58,-1.94,80.28,3.28,2.75,5.87
2018-11-04,-2.22,1.9,-5.13,70.76,2.78,0.26,6.58
2018-11-05,-2.51,2.91,-5.29,60.36,1.86,0.0,10.54
2018-11-06,-2.47,2.94,-6.62,47.95,1.25,0.0,11.81
2018-11-07,-2.42,2.15,-5.03,57.37,1.97,0.0,10.12
2018-11-08,-2.49,3.79,-6.45,73.49,2.14,0.0,11.79
2018-11-09,-2.02,3.94,-8.31,53.03,1.85,0.0,12.41
2018-11-10,-2.7,0.88,-5.58,71.64,1.66,0.0,5.45
2018-11-11,-2.47,2.98,-6.2,83.42,1.57,0.0,12.05
2018-11-12,-1.73,4.48,-6.82,77.62,1.17,0.0,12.37
2018-11-13,0.42,6.88,-4.9,74.02,2.16,0.0,10.34
2018-11-14,-1.61,2.44,-4.75,80.98,2.91,0.44,6.32
2018-11-15,-7.3,-3.13,-12.58,54.6,4.23,0.0,11.82
2018-11-16,-7.44,-0.68,-13.74,55.83,2.04,0.0,12.33
2018-11-17,-5.83,-0.28,-9.59,59.74,2.68,0.0,11.36
2018-11-18,-7.23,-0.94,-12.39,55.08,2.35,0.0,11.56
2018-11-19,-5.54,1.25,-11.28,64.3,2.23,0.0,10.77
2018-11-20,-6.69,-1.54,-11.58,59.94,2.3,0.0,9.28
2018-11-21,-9.3,-2.57,-14.12,55.66,2.6,0.0,11.79
2018-11-22,-7.74,-1.05,-12.37,53.59,1.77,0.0,11.22
2018-11-23,-6.79,0.16,-10.88,67.71,2.14,0.0,11.13
2018-11-24,-5.22,3.08,-10.43,57.28,1.99,0.0,8.8
2018-11-25,-4.45,1.96,-9.51,62.12,2.25,0.0,10.52
2018-11-26,-3.79,2.73,-9.79,54.63,3.24,0.0,6.72
2018-11-27,-7.98,-0.81,-12.91,52.59,2.15,0.0,10.87
2018-11-28,-6.51,0.85,-11.24,60.09,1.97,0.0,9.37
2018-11-29,-6.51,-0.28,-11.61,49.98,1.61,0.0,10.31
2018-11-30,-3.53,4.0,-7.34,57.38,1.37,0.0,10.4
2018-12-01,-3.26,3.46,-9.1,72.6,2.63,0.0,9.47
2018-12-02,-4.42,1.97,-11.02,68.67,3.36,0.0,5.46
2018-12-03,-10.29,-6.29,-14.18,51.89,2.49,0.0,6.28
2018-12-04,-14.08,-9.09,-18.29,52.92,2.46,0.0,9.74
2018-12-05,-11.62,-7.91,-15.6,61.75,2.7,0.0,6.31
2018-12-06,-17.94,-14.66,-22.34,54.13,4.34,0.0,7.32
2018-12-07,-22.42,-17.76,-25.9,52.45,4.82,0.0,9.57
2018-12-08,-19.44,-11.47,-25.21,58.06,2.42,0.0,9.43
2018-12-09,-16.21,-12.41,-20.34,63.67,1.63,0.0,6.64
2018-12-10,-13.91,-8.91,-19.06,69.85,2.2,0.0,7.4
2018-12-11,-17.34,-10.49,-22.39,60.38,2.89,0.0,9.75
2018-12-12,-15.88,-7.18,-21.96,66.47,2.26,0.0,9.17
2018-12-13,-11.97,-4.34,-17.54,64.54,2.03,0.0,9.54
2018-12-14,-11.55,-5.77,-15.5,70.52,2.2,0.0,8.59
2018-12-15,-10.22,-3.87,-13.92,79.67,2.03,0.0,5.72
2018-12-16,-11.25,-3.98,-15.0,76.62,3.35,0.0,9.23
2018-12-17,-11.49,-3.96,-16.11,78.4,2.46,0.0,9.21
2018-12-18,-9.75,-3.18,-15.02,71.0,2.24,0.0,8.86
2018-12-19,-9.05,-1.88,-13.68,77.96,1.63,0.0,9.5
2018-12-20,-8.57,-3.36,-13.24,78.79,2.27,0.0,3.98
2018-12-21,-10.74,-3.45,-15.12,74.95,2.23,0.0,8.16
2018-12-22,-11.56,-6.0,-20.22,56.96,3.41,0.0,4.7
2018-12-23,-18.19,-11.07,-22.52,55.1,2.51,0.0,9.29
2018-12-24,-16.91,-10.14,-22.21,75.96,2.27,0.0,8.19
2018-12-25,-14.6,-7.65,-20.1,64.13,2.16,0.0,9.07
2018-12-26,-17.53,-11.22,-21.77,58.92,4.23,0.0,8.13
2018-12-27,-22.98,-18.78,-26.53,42.09,6.08,0.0,8.79
2018-12-28,-22.48,-14.38,-27.79,60.8,3.95,0.0,8.93
2018-12-29,-19.42,-12.42,-25.22,62.0,2.33,0.0,8.94
2018-12-30,-16.32,-10.38,-21.37,57.18,1.23,0.0,9.18
2018-12-31,-16.18,-11.54,-19.86,79.24,1.87,0.19,5.13
2019-01-01,-16.75,-10.67,-21.97,79.4,1.31,0.0,8.18
2019-01-02,-13.52,-9.1,-19.06,79.95,1.64,0.0,7.32
2019-01-03,-13.29,-7.32,-17.06,77.67,3.0,0.0,8.17
2019-01-04,-15.43,-8.72,-19.41,55.91,3.65,0.0,9.27
2019-01-05,-12.75,-8.54,-17.92,52.53,2.08,0.0,6.42
2019-01-06,-12.17,-4.49,-15.5,71.82,2.38,0.0,8.71
2019-01-07,-14.06,-8.38,-18.1,56.23,4.69,0.0,7.64
2019-01-08,-14.53,-7.73,-20.52,56.33,2.23,0.0,9.67
2019-01-09,-11.56,-5.94,-15.13,63.84,1.95,0.0,6.48
2019-01-10,-10.05,-4.29,-14.03,75.0,1.4,0.0,8.59
2019-01-11,-11.17,-6.2,-14.24,86.64,1.74,0.0,9.6
2019-01-12,-10.91,-1.82,-15.87,79.03,2.34,0.0,9.64
2019-01-13,-9.46,-2.06,-14.92,68.01,1.76,0.0,10.19
2019-01-14,-12.98,-7.06,-20.06,58.75,4.93,0.0,8.84
2019-01-15,-17.75,-11.58,-22.63,49.25,3.82,0.0,10.27
2019-01-16,-15.23,-7.09,-20.05,47.09,1.61,0.0,10.51
2019-01-17,-14.85,-9.9,-19.92,52.99,1.56,0.0,9.52
2019-01-18,-10.88,-4.12,-16.54,59.97,3.31,0.0,9.33
2019-01-19,-9.92,-4.57,-14.75,61.79,3.51,0.0,8.21
2019-01-20,-13.24,-5.62,-18.5,64.32,4.01,0.0,11.18
2019-01-21,-12.21,-2.68,-17.95,69.09,2.35,0.0,10.61
2019-01-22,-8.11,2.18,-14.55,58.4,1.57,0.0,10.89
2019-01-23,-6.08,-0.59,-10.12,39.71,1.02,0.0,10.98
2019-01-24,-7.87,-1.68,-12.89,44.78,4.04,0.0,9.59
2019-01-25,-10.13,-1.54,-15.53,52.17,3.14,0.0,11.01
2019-01-26,-9.47,-2.78,-14.75,50.76,2.39,0.0,9.57
2019-01-27,-10.79,-5.2,-15.53,56.55,3.89,0.0,12.01
2019-01-28,-11.09,-4.34,-16.37,48.08,2.46,0.0,9.41
2019-01-29,-9.12,0.12,-15.01,68.98,3.1,0.0,10.86
2019-01-30,-14.93,-10.96,-20.07,44.8,5.04,0.0,7.94
2019-01-31,-15.09,-8.02,-21.22,51.95,3.58,0.0,11.8
2019-02-01,-14.78,-8.56,-20.13,75.47,3.05,0.0,12.27
2019-02-02,-8.64,-1.01,-13.94,64.9,2.75,0.0,8.13
2019-02-03,-13.17,-8.12,-17.17,59.64,3.55,0.0,11.66
2019-02-04,-11.23,-2.26,-18.43,63.02,2.99,0.0,12.41
2019-02-05,-9.44,-0.03,-16.68,68.99,3.03,0.01,12.97
2019-02-06,-15.71,-8.7,-24.75,61.55,5.21,0.15,12.6
2019-02-07,-17.64,-11.31,-25.93,41.58,2.57,0.0,9.77
2019-02-08,-14.42,-8.77,-20.59,54.08,3.34,0.0,13.19
2019-02-09,-17.19,-12.35,-22.95,62.27,1.74,0.0,6.65
2019-02-10,-12.82,-7.65,-17.0,61.6,2.41,0.06,13.01
2019-02-11,-12.49,-6.47,-19.56,58.21,1.83,0.07,13.7
2019-02-12,-11.33,-5.28,-16.62,59.1,2.57,0.18,13.88
2019-02-13,-11.72,-4.85,-17.98,54.38,3.38,0.06,13.69
2019-02-14,-12.18,-5.93,-19.79,77.26,5.61,4.06,8.31
2019-02-15,-17.65,-11.03,-21.94,68.12,3.8,0.02,12.78
2019-02-16,-15.43,-5.4,-23.14,62.35,2.46,0.0,13.76
2019-02-17,-10.18,-3.95,-18.0,43.71,1.21,0.0,12.37
2019-02-18,-9.17,-6.53,-11.48,77.18,1.24,1.19,7.08
2019-02-19,-9.86,-2.1,-16.5,57.22,1.88,0.02,14.1
2019-02-20,-5.94,3.33,-14.26,38.11,1.07,0.0,15.28
2019-02-21,-3.48,2.75,-9.0,41.14,1.26,0.0,13.42
2019-02-22,-1.67,3.98,-6.13,44.17,1.16,0.0,11.34
2019-02-23,-2.0,6.19,-7.44,50.84,1.74,0.0,15.39
2019-02-24,-2.68,4.2,-8.33,47.38,2.65,0.0,12.4
2019-02-25,-2.46,1.8,-6.04,68.03,2.23,0.37,10.01
2019-02-26,-2.57,2.27,-5.86,72.47,1.87,0.1,13.5
2019-02-27,-3.57,3.47,-10.46,60.08,1.64,0.0,17.38
2019-02-28,-1.38,4.12,-6.53,40.74,1.39,0.0,17.41
2019-03-01,-0.22,5.97,-6.72,45.01,1.72,0.0,15.25
2019-03-02,1.22,6.36,-2.39,54.98,1.77,0.0,11.27
2019-03-03,1.15,6.98,-2.72,58.44,1.78,0.0,14.69
2019-03-04,0.61,6.88,-3.34,44.06,2.01,0.0,14.14
2019-03-05,-2.05,3.72,-6.4,46.86,4.73,0.0,19.15
2019-03-06,-3.96,2.72,-8.52,43.57,3.3,0.0,19.99
2019-03-07,-2.21,5.14,-10.04,38.43,1.77,0.0,19.34
2019-03-08,-0.43,4.9,-5.12,69.73,3.27,1.24,10.36
2019-03-09,-0.2,4.33,-4.22,70.28,2.71,0.89,8.89
2019-03-10,-1.84,2.72,-4.99,63.93,3.57,1.11,10.39
2019-03-11,-3.1,4.18,-9.04,49.66,5.9,0.0,19.92
2019-03-12,-6.22,-0.28,-12.8,41.52,4.6,0.0,21.14
2019-03-13,-3.0,4.96,-10.77,47.3,4.13,0.0,20.34
2019-03-14,-2.16,3.64,-8.28,47.5,5.22,0.0,19.93
2019-03-15,0.65,9.45,-6.85,48.58,4.47,0.0,20.83
2019-03-16,1.74,8.95,-2.96,48.09,3.97,0.0,21.12
2019-03-17,3.29,10.75,-2.88,39.54,2.92,0.0,19.58
2019-03-18,4.44,13.0,-1.45,33.33,3.16,0.0,21.26
2019-03-19,3.22,8.68,-2.31,49.24,2.15,0.0,13.04
2019-03-20,-0.77,4.45,-7.69,64.43,5.77,0.67,12.21
2019-03-21,-4.43,1.22,-8.16,45.38,4.14,0.01,22.41
2019-03-22,-3.68,2.12,-8.54,40.62,5.33,0.0,21.25
2019-03-23,-3.78,3.66,-10.61,37.51,2.76,0.0,23.66
2019-03-24,0.86,9.26,-4.89,33.95,3.59,0.0,23.24
2019-03-25,2.57,11.38,-3.7,31.11,2.87,0.0,22.96
2019-03-26,4.15,13.02,-2.51,31.0,3.97,0.0,21.75
2019-03-27,2.87,11.94,-3.22,41.62,4.0,0.1,20.2
2019-03-28,-0.73,3.78,-3.97,51.66,2.71,2.12,19.18
2019-03-29,-4.07,-1.85,-7.81,52.1,5.96,0.35,20.76
2019-03-30,-4.71,0.72,-9.07,39.43,5.03,0.0,24.25
2019-03-31,-1.2,7.0,-7.41,39.33,3.84,0.0,24.77
2019-04-01,2.57,11.78,-4.3,37.12,2.3,0.0,22.79
2019-04-02,3.39,11.52,-2.48,34.04,2.94,0.0,25.39
2019-04-03,6.26,16.16,-1.97,31.13,2.0,0.0,24.46
2019-04-04,7.65,18.12,0.09,35.25,3.86,0.0,24.04
2019-04-05,8.28,19.3,-1.85,38.15,5.08,0.0,19.34
2019-04-06,5.98,11.7,1.0,43.08,2.66,0.0,23.36
2019-04-07,6.92,16.2,-0.63,46.93,3.79,0.0,22.2
2019-04-08,7.19,17.21,0.07,55.08,4.15,2.13,17.51
2019-04-09,2.99,9.58,-3.22,68.07,3.14,1.47,11.54
2019-04-10,-0.25,3.91,-5.26,64.19,2.45,1.75,11.6
2019-04-11,2.26,9.32,-4.66,45.98,2.3,0.0,23.06
2019-04-12,4.95,11.94,-2.13,46.64,2.93,0.0,19.03
2019-04-13,2.74,9.04,-4.17,39.66,5.07,0.0,19.27
2019-04-14,5.02,14.57,-4.62,29.44,3.03,0.0,27.26
2019-04-15,6.77,15.55,-2.79,35.37,2.66,0.0,23.48
2019-04-16,9.51,19.19,-0.52,38.14,3.58,0.0,25.52
2019-04-17,12.5,24.54,1.43,44.26,4.33,0.0,23.13
2019-04-18,10.04,18.02,3.07,37.75,5.12,0.06,16.79
2019-04-19,8.54,16.0,3.48,70.29,3.88,2.3,9.03
2019-04-20,10.59,19.46,3.65,48.73,3.3,0.2,23.07
2019-04-21,12.31,22.62,1.55,44.81,3.08,0.0,26.75
2019-04-22,14.38,24.28,4.44,50.05,3.3,0.0,27.08
2019-04-23,15.48,24.29,6.81,59.33,2.6,0.13,26.75
2019-04-24,4.33,11.45,-3.25,75.41,4.89,9.6,8.03
2019-04-25,3.92,13.3,-5.3,58.78,3.21,5.05,21.43
2019-04-26,5.75,14.6,-4.32,52.97,3.48,0.32,27.84
2019-04-27,8.24,15.85,2.53,67.52,2.7,0.59,16.09
2019-04-28,9.0,17.49,1.73,75.86,2.67,0.5,18.27
2019-04-29,9.94,18.3,2.73,43.97,5.35,0.01,20.05
2019-04-30,6.64,14.54,-0.52,37.34,4.62,0.0,31.2
2019-05-01,9.55,17.54,1.12,21.5,2.03,0.0,29.67
2019-05-02,11.96,19.12,2.98,24.72,2.03,0.0,28.47
2019-05-03,12.07,17.49,5.53,45.27,2.47,0.01,17.82
2019-05-04,13.93,23.66,5.74,52.88,4.8,0.28,24.78
2019-05-05,6.25,13.52,0.15,36.69,5.69,0.0,29.43
2019-05-06,7.45,16.37,-1.99,24.07,1.79,0.0,30.3
2019-05-07,10.41,18.02,1.05,31.16,2.17,0.06,23.39
2019-05-08,10.6,15.59,6.09,46.36,2.13,0.8,16.0
2019-05-09,12.62,20.65,4.62,27.44,2.29,0.0,29.24
2019-05-10,11.02,15.01,6.66,56.87,2.54,1.76,22.7
2019-05-11,12.54,19.8,4.92,54.4,2.38,0.28,25.01
2019-05-12,4.24,7.14,-3.16,40.45,6.17,0.54,21.14
2019-05-13,7.24,16.72,-4.42,27.24,3.71,0.0,31.13
2019-05-14,11.57,19.74,2.89,33.35,2.72,0.0,24.67
2019-05-15,11.99,19.89,4.65,36.16,4.77,0.07,27.76
2019-05-16,16.11,25.84,5.72,29.9,3.7,0.01,27.39
2019-05-17,16.85,24.9,9.42,57.08,3.77,0.73,24.54
2019-05-18,12.93,20.06,5.62,69.87,3.7,11.71,13.63
2019-05-19,4.57,7.58,1.16,42.79,8.73,0.06,23.49
2019-05-20,8.34,17.21,-1.74,32.35,5.07,0.0,32.67
2019-05-21,13.44,23.25,2.11,28.96,4.11,0.0,32.24
2019-05-22,18.18,29.24,6.31,25.23,2.95,0.0,31.92
2019-05-23,19.75,29.22,9.3,25.26,3.23,0.0,29.09
2019-05-24,18.2,26.19,10.89,40.4,2.31,0.0,23.99
2019-05-25,18.96,29.32,10.96,41.86,3.49,1.65,22.47
2019-05-26,11.84,19.33,5.64,54.93,5.45,4.27,23.62
2019-05-27,11.59,19.49,3.48,40.41,3.92,0.04,29.63
2019-05-28,16.69,25.24,6.29,23.88,1.83,0.0,32.01
2019-05-29,18.73,26.41,10.13,25.98,3.05,0.0,29.11
2019-05-30,12.6,18.09,4.06,28.06,5.29,0.0,29.9
2019-05-31,13.86,22.37,3.61,29.99,2.12,0.0,25.94
2019-06-01,15.8,23.89,8.14,46.67,2.96,0.35,28.18
2019-06-02,16.49,25.0,7.75,30.82,3.92,0.24,28.86
2019-06-03,18.17,27.36,6.31,25.51,2.79,0.0,31.55
2019-06-04,19.24,26.62,10.92,29.15,3.73,0.0,28.15
2019-06-05,17.62,25.81,8.93,29.17,2.99,0.0,28.32
2019-06-06,18.17,26.91,9.38,53.35,2.76,4.24,27.72
2019-06-07,17.55,25.58,9.7,35.67,3.11,0.03,25.62
2019-06-08,16.93,25.38,7.8,30.44,4.95,0.0,28.84
2019-06-09,16.99,25.68,8.02,41.79,3.25,0.0,32.03
2019-06-10,19.82,27.75,10.3,37.67,1.81,0.0,28.91
2019-06-11,22.3,30.38,11.96,42.62,2.34,0.33,25.86
2019-06-12,18.31,21.88,14.04,74.02,1.54,2.86,11.36
2019-06-13,19.56,27.86,12.44,50.06,2.58,0.18,28.74
2019-06-14,20.51,29.33,10.19,27.4,2.22,0.0,31.42
2019-06-15,19.82,29.7,13.61,51.89,3.36,18.3,15.96
2019-06-16,19.05,26.43,11.68,56.66,3.21,2.39,26.36
2019-06-17,21.1,29.45,12.35,52.32,2.8,1.44,27.91
2019-06-18,22.61,31.94,14.02,38.4,2.5,0.08,29.35
2019-06-19,22.78,29.68,15.37,39.72,1.81,0.03,25.15
2019-06-20,23.21,31.1,14.95,46.7,2.08,0.0,23.42
2019-06-21,23.06,29.66,16.16,35.69,1.27,0.0,25.06
2019-06-22,22.34,29.04,16.43,48.3,1.65,0.33,22.0
2019-06-23,18.77,21.01,14.79,72.38,2.5,13.14,7.15
2019-06-24,18.26,23.56,13.25,75.57,4.28,2.68,9.14
2019-06-25,18.94,24.7,13.23,70.0,3.26,0.28,18.19
2019-06-26,18.96,25.29,13.42,71.4,2.46,1.33,15.1
2019-06-27,15.63,18.99,11.6,80.2,1.4,8.82,7.26
2019-06-28,17.83,25.59,10.2,56.83,3.21,3.03,26.63
2019-06-29,15.23,21.53,8.92,54.2,4.49,0.49,22.19
2019-06-30,16.97,23.71,8.4,46.84,2.79,0.72,26.5
2019-07-01,19.13,25.95,10.05,45.82,1.58,2.19,26.02
2019-07-02,19.62,26.68,13.35,46.85,2.53,0.1,20.83
2019-07-03,21.01,29.33,11.73,38.93,1.3,0.0,31.47
2019-07-04,21.58,30.71,13.23,49.48,2.5,5.78,18.69
2019-07-05,16.36,21.85,10.47,65.4,4.21,9.48,18.7
2019-07-06,15.41,23.48,7.67,41.89,4.08,0.0,32.77
2019-07-07,18.31,26.78,8.6,42.12,2.46,0.0,30.57
2019-07-08,17.9,23.89,11.8,65.52,1.77,0.0,22.56
2019-07-09,17.34,21.52,12.8,68.32,1.01,1.54,17.14
2019-07-10,17.1,21.83,12.44,71.15,1.33,1.59,20.21
2019-07-11,19.04,24.41,12.97,61.51,0.8,0.33,23.5
2019-07-12,21.63,29.49,14.14,49.23,1.95,1.6,24.05
2019-07-13,21.46,28.27,13.75,49.78,2.05,1.2,27.19
2019-07-14,23.09,30.32,15.32,43.35,1.5,0.0,28.13
2019-07-15,22.35,30.01,14.87,54.72,2.22,2.73,18.19
2019-07-16,17.37,20.13,14.71,79.39,2.44,28.63,6.88
2019-07-17,19.97,25.54,14.05,73.29,1.99,2.47,18.25
2019-07-18,22.12,27.7,16.08,64.74,1.43,2.54,19.5
2019-07-19,18.87,22.35,16.06,88.02,2.49,20.1,7.92
2019-07-20,22.46,30.05,14.56,59.64,1.3,0.04,27.1
2019-07-21,23.09,29.87,16.09,56.3,1.83,0.25,20.7
2019-07-22,16.66,19.31,11.75,78.84,3.0,15.54,4.93
2019-07-23,21.12,30.28,11.3,57.34,2.58,0.07,27.84
2019-07-24,20.96,27.55,15.15,56.02,1.98,1.0,21.27
2019-07-25,21.13,30.08,13.41,57.56,2.37,0.21,26.96
2019-07-26,23.14,31.5,13.93,56.65,2.87,0.01,29.02
2019-07-27,23.24,28.74,18.69,69.66,3.66,4.9,18.1
2019-07-28,22.19,27.47,17.22,55.18,1.41,0.35,16.15
2019-07-29,20.28,26.82,15.03,64.41,1.84,5.42,20.97
2019-07-30,19.82,27.73,11.65,48.62,2.75,1.16,26.25
2019-07-31,20.21,27.54,11.97,50.07,1.96,0.03,24.99
2019-08-01,21.94,29.54,13.56,47.54,1.34,0.08,25.92
2019-08-02,21.35,28.37,15.66,64.04,1.78,0.22,20.93
2019-08-03,19.8,24.4,14.98,72.02,1.85,1.07,14.86
2019-08-04,16.72,20.55,14.0,90.14,3.4,37.66,7.52
2019-08-05,18.97,24.65,13.39,77.14,2.16,4.3,19.72
2019-08-06,20.23,26.17,13.29,71.23,1.48,1.15,24.63
2019-08-07,19.92,25.36,14.01,63.56,1.54,1.42,25.14
2019-08-08,20.12,26.94,11.79,69.23,1.78,3.56,21.1
2019-08-09,19.97,25.82,15.12,71.77,2.46,7.12,20.18
2019-08-10,17.84,23.55,12.29,71.12,1.49,1.21,21.96
2019-08-11,18.56,25.33,11.73,67.83,3.44,0.07,19.68
2019-08-12,18.61,26.39,12.39,59.64,3.62,0.0,27.65
2019-08-13,18.54,26.82,10.51,58.46,2.77,0.0,20.54
2019-08-14,20.78,27.5,13.61,56.55,1.29,4.49,25.47
2019-08-15,18.02,27.71,9.78,61.39,3.54,0.5,25.52
2019-08-16,13.67,20.98,7.4,60.52,4.4,0.02,25.7
2019-08-17,15.55,23.87,6.78,52.08,2.52,0.0,27.9
2019-08-18,17.94,26.2,10.46,52.56,1.43,0.0,22.56
2019-08-19,19.46,24.52,14.64,63.24,1.66,24.3,12.18
2019-08-20,18.5,25.06,10.69,67.28,4.29,14.65,21.3
2019-08-21,15.14,22.52,7.2,58.5,2.36,0.0,25.33
2019-08-22,16.3,23.24,10.16,54.61,2.08,0.0,18.16
2019-08-23,18.1,24.15,12.64,58.69,1.05,0.01,13.44
2019-08-24,18.03,24.05,12.02,66.53,1.42,0.0,22.25
2019-08-25,18.32,25.26,11.76,63.09,1.46,0.0,25.68
2019-08-26,16.14,22.31,10.3,66.4,2.21,2.32,18.02
2019-08-27,14.65,22.14,8.29,50.22,3.49,0.0,26.56
2019-08-28,13.29,20.0,6.87,60.54,4.46,0.0,22.3
2019-08-29,13.54,20.72,7.38,60.96,3.51,0.0,23.66
2019-08-30,15.5,23.14,7.02,47.42,1.4,0.0,25.68
2019-08-31,17.2,22.82,11.03,44.89,0.86,0.0,23.05
2019-09-01,18.38,25.44,11.96,46.18,1.21,0.0,23.43
2019-09-02,18.48,26.03,10.93,49.37,1.25,0.0,23.65
2019-09-03,19.44,26.9,13.51,46.06,1.87,0.0,23.07
2019-09-04,19.95,26.77,12.8,40.37,1.4,0.0,24.02
2019-09-05,20.56,27.72,13.66,40.54,1.01,0.0,23.15
2019-09-06,20.18,27.53,13.5,44.13,1.8,0.0,22.52
2019-09-07,18.32,25.73,11.63,60.31,1.97,0.07,18.57
2019-09-08,17.96,25.5,10.83,54.23,2.65,4.58,18.09
2019-09-09,13.26,15.33,11.6,85.01,2.67,19.13,3.95
2019-09-10,15.35,20.4,11.7,81.85,2.32,5.95,7.5
2019-09-11,13.81,17.77,11.32,85.77,4.52,18.4,4.37
2019-09-12,14.96,22.14,10.34,86.04,3.92,20.24,6.03
2019-09-13,12.44,18.78,5.9,63.29,2.46,0.05,18.65
2019-09-14,10.9,17.56,3.94,54.03,1.94,0.0,20.76
2019-09-15,12.72,21.2,6.64,56.15,2.34,0.0,21.89
2019-09-16,12.77,20.01,4.55,47.75,1.74,0.0,22.6
2019-09-17,13.26,21.84,5.44,46.88,2.59,0.0,21.36
2019-09-18,12.11,20.19,2.46,41.71,1.59,0.0,22.64
2019-09-19,11.64,16.18,8.09,71.92,1.66,1.3,10.27
2019-09-20,11.18,15.85,7.67,76.63,1.28,4.07,10.52
2019-09-21,12.81,19.98,5.74,57.38,1.19,0.0,19.14
2019-09-22,14.13,20.41,7.75,47.52,1.12,0.0,19.36
2019-09-23,14.34,21.69,7.39,45.51,1.32,0.0,20.5
2019-09-24,16.28,23.23,8.87,37.93,1.07,0.0,20.63
2019-09-25,15.83,22.55,10.02,40.13,1.5,0.0,19.89
2019-09-26,15.56,21.72,9.22,43.76,1.29,0.0,17.43
2019-09-27,12.62,19.69,6.87,65.15,1.89,0.0,18.35
2019-09-28,13.29,21.17,6.62,69.08,1.8,0.0,18.6
2019-09-29,13.53,20.08,7.2,73.99,2.03,0.0,17.91
2019-09-30,13.89,20.27,6.76,73.59,2.46,0.03,18.03
2019-10-01,14.87,20.83,8.63,76.29,2.99,0.01,16.24
2019-10-02,15.28,22.3,9.15,70.11,2.35,0.0,18.6
2019-10-03,12.35,19.21,4.4,75.7,3.36,8.68,9.18
2019-10-04,4.53,11.1,-2.25,65.52,5.1,0.7,14.54
2019-10-05,3.86,10.59,-3.94,54.36,1.99,0.0,17.18
2019-10-06,6.2,11.98,1.41,58.99,1.38,0.21,8.65
2019-10-07,6.45,16.65,-1.86,48.72,3.66,0.0,18.57
2019-10-08,6.4,14.01,-2.41,41.63,1.88,0.0,18.43
2019-10-09,8.52,15.34,2.72,59.68,2.23,0.0,15.1
2019-10-10,9.97,17.91,3.8,49.81,1.41,0.0,18.06
2019-10-11,9.41,18.3,3.08,45.75,1.98,0.0,17.74
2019-10-12,7.01,12.86,1.27,58.48,2.11,0.0,10.55
2019-10-13,0.21,6.3,-6.59,47.02,4.46,0.0,17.18
2019-10-14,0.11,8.24,-6.82,40.91,1.72,0.0,17.63
2019-10-15,4.7,10.83,-1.74,55.43,1.09,0.07,10.39
2019-10-16,5.38,10.13,2.0,79.87,1.52,0.64,6.48
2019-10-17,3.98,10.09,-0.08,78.06,1.44,0.12,10.96
2019-10-18,3.85,10.45,-1.18,77.88,1.97,0.06,12.8
2019-10-19,3.61,9.94,-1.52,80.76,2.72,0.0,12.22
2019-10-20,2.82,11.42,-3.79,44.64,2.38,0.0,15.49
2019-10-21,4.75,12.28,-1.51,45.38,2.05,0.0,14.78
2019-10-22,5.49,13.52,-1.57,74.21,1.88,0.06,15.02
2019-10-23,5.96,9.23,2.62,94.21,1.88,1.48,10.9
2019-10-24,-1.95,4.56,-8.2,71.68,4.13,6.52,11.76
2019-10-25,-3.26,4.1,-8.67,72.88,2.1,2.24,15.41
2019-10-26,-1.16,6.42,-6.85,64.24,2.62,0.02,15.3
2019-10-27,1.37,8.81,-4.65,50.77,3.98,0.11,14.91
2019-10-28,-2.27,3.63,-6.51,50.87,4.49,0.0,14.65
2019-10-29,1.12,9.03,-3.78,57.38,2.21,0.21,14.5
2019-10-30,3.02,11.93,-2.58,52.97,2.25,0.0,13.57
2019-10-31,5.84,13.98,-1.96,48.19,1.27,0.0,14.61
2019-11-01,5.03,9.92,1.81,64.92,1.78,3.05,4.9
2019-11-02,3.81,8.43,-0.77,84.44,1.92,3.48,5.98
2019-11-03,3.8,11.19,-1.6,69.67,1.4,0.7,12.16
2019-11-04,4.34,12.61,-0.71,65.45,1.42,0.04,13.2
2019-11-05,4.63,11.16,-0.81,57.98,1.56,0.0,12.07
2019-11-06,3.66,11.38,-3.1,66.79,3.02,0.14,11.52
2019-11-07,1.89,8.6,-4.87,54.43,1.49,0.0,13.16
2019-11-08,2.17,8.71,-1.54,69.84,1.65,0.0,11.74
2019-11-09,-0.15,1.96,-5.04,94.85,2.14,2.08,2.05
2019-11-10,-1.08,7.33,-6.18,68.82,3.02,0.0,10.58
2019-11-11,0.3,6.09,-3.78,65.59,2.2,1.88,11.92
2019-11-12,-0.97,5.8,-5.57,68.5,2.73,0.0,6.69
2019-11-13,-7.05,-3.65,-10.68,44.08,5.09,0.0,10.16
2019-11-14,-3.24,4.59,-9.7,62.56,2.89,0.0,10.88
2019-11-15,-2.05,4.91,-8.47,58.61,2.26,0.0,11.75
2019-11-16,-2.19,2.61,-7.95,64.39,1.61,0.0,9.75
2019-11-17,-8.54,-1.48,-16.72,40.97,6.3,0.0,8.22
2019-11-18,-11.77,-5.28,-16.87,40.42,4.28,0.0,10.87
2019-11-19,-8.66,-1.64,-14.78,52.38,2.16,0.99,11.42
2019-11-20,-4.52,0.89,-9.18,59.19,1.56,0.0,10.74
2019-11-21,-2.96,2.01,-7.94,80.76,2.62,0.0,10.38
2019-11-22,-1.22,3.0,-4.34,89.42,2.98,0.0,7.1
2019-11-23,-1.82,4.11,-6.96,57.49,2.33,0.0,6.67
2019-11-24,-12.55,-8.46,-16.11,47.36,4.52,0.0,11.03
2019-11-25,-12.65,-7.08,-18.17,51.86,2.21,0.0,11.46
2019-11-26,-7.98,-1.15,-12.78,48.77,3.3,0.0,10.21
2019-11-27,-8.57,-2.04,-13.39,52.16,1.91,0.0,10.55
2019-11-28,-6.99,-0.44,-12.44,59.64,1.4,0.0,6.8
2019-11-29,-6.05,-2.44,-10.48,93.55,2.66,2.55,2.3
2019-11-30,-10.47,-5.95,-13.8,64.32,3.19,0.02,8.36
2019-12-01,-12.85,-6.25,-16.97,64.82,3.89,0.0,6.37
2019-12-02,-12.41,-4.25,-18.1,64.24,3.39,0.0,6.63
2019-12-03,-9.32,-1.08,-14.32,65.58,2.46,0.0,6.5
2019-12-04,-9.16,-0.88,-14.02,62.9,2.23,0.0,9.66
2019-12-05,-9.25,-2.61,-14.92,64.12,1.52,0.0,9.65
2019-12-06,-9.54,-1.73,-14.55,74.53,1.54,0.0,9.05
2019-12-07,-9.05,-2.77,-13.45,73.44,1.76,0.0,8.39
2019-12-08,-9.15,-2.17,-13.58,83.74,2.11,0.0,7.93
2019-12-09,-7.76,-2.29,-11.79,79.22,1.95,0.01,9.07
2019-12-10,-9.03,-3.95,-13.03,74.06,3.63,0.08,10.14
2019-12-11,-12.67,-6.75,-17.32,61.35,2.67,0.0,9.65
2019-12-12,-10.32,-4.03,-15.51,68.88,1.7,0.0,9.17
2019-12-13,-9.19,-2.35,-13.5,65.35,3.22,0.0,9.42
2019-12-14,-7.68,-1.24,-13.9,76.96,3.4,0.15,6.02
2019-12-15,-4.8,-0.8,-7.81,92.88,1.74,2.27,2.99
2019-12-16,-6.17,-1.03,-13.12,87.58,3.95,2.4,5.84
2019-12-17,-11.77,-6.23,-14.81,78.22,3.56,0.05,9.58
2019-12-18,-12.3,-6.48,-15.66,88.69,2.22,0.05,8.0
2019-12-19,-16.0,-9.85,-20.56,75.33,2.35,0.0,9.43
2019-12-20,-14.42,-8.17,-18.65,94.4,2.07,0.04,8.4
2019-12-21,-14.25,-10.8,-17.8,96.81,1.58,0.0,6.43
2019-12-22,-12.85,-5.52,-16.26,88.01,1.63,0.0,8.54
2019-12-23,-11.67,-5.21,-15.59,82.35,1.32,0.0,9.15
2019-12-24,-10.28,-4.58,-14.93,93.22,2.97,0.0,3.64
2019-12-25,-13.51,-9.51,-17.52,84.19,2.84,0.01,4.14
2019-12-26,-16.07,-9.37,-20.5,84.51,2.65,0.0,9.05
2019-12-27,-13.49,-5.93,-17.67,90.11,2.38,0.0,8.96
2019-12-28,-10.97,-5.28,-15.32,87.36,2.45,0.0,8.11
2019-12-29,-15.68,-10.6,-24.29,76.33,3.98,0.0,9.42
2019-12-30,-22.91,-17.81,-26.55,60.3,3.65,0.0,10.1
2019-12-31,-19.88,-14.0,-25.2,71.89,1.76,0.0,9.16
2020-01-01,-12.64,-5.86,-17.55,73.15,1.02,0.0,9.25
2020-01-02,-9.2,-2.96,-15.15,59.63,1.42,0.0,7.5
2020-01-03,-7.72,-0.21,-13.2,56.34,1.53,0.0,8.45
2020-01-04,-7.35,-0.33,-11.4,68.45,1.52,0.0,8.26
2020-01-05,-8.65,-5.76,-12.27,94.43,1.97,4.49,2.84
2020-01-06,-9.91,-3.64,-14.23,85.22,3.62,0.1,7.16
2020-01-07,-11.25,-3.71,-14.23,75.06,2.91,0.0,7.81
2020-01-08,-11.68,-6.03,-15.03,76.53,0.86,0.0,9.81
2020-01-09,-12.27,-6.09,-16.75,87.36,1.39,0.0,6.98
2020-01-10,-14.72,-7.12,-18.32,83.71,3.69,0.0,7.98
2020-01-11,-12.8,-8.92,-15.83,75.57,1.39,0.02,7.53
2020-01-12,-14.6,-8.55,-19.27,83.71,2.46,0.03,8.88
2020-01-13,-16.37,-9.31,-21.05,82.2,2.57,0.0,9.86
2020-01-14,-17.42,-13.11,-21.15,85.52,1.13,0.0,10.19
2020-01-15,-12.21,-4.77,-17.13,64.2,1.27,0.0,8.31
2020-01-16,-10.14,-5.62,-15.99,56.77,1.15,0.01,6.65
2020-01-17,-10.84,-4.85,-14.73,83.88,1.61,0.05,8.82
2020-01-18,-13.27,-6.05,-18.0,81.67,3.29,0.04,9.33
2020-01-19,-14.71,-5.29,-20.13,79.49,3.29,0.0,11.22
2020-01-20,-14.95,-8.78,-19.86,78.12,2.42,0.0,11.2
2020-01-21,-11.49,-5.78,-16.49,87.96,1.48,0.0,10.08
2020-01-22,-10.68,-4.64,-15.06,89.66,1.66,0.0,10.53
2020-01-23,-9.45,-1.67,-15.57,74.38,1.32,0.0,10.54
2020-01-24,-10.33,-4.22,-14.7,85.01,1.82,0.0,10.32
2020-01-25,-8.87,-2.46,-14.01,79.72,1.14,0.0,10.94
2020-01-26,-7.12,-0.64,-11.92,65.18,1.09,0.0,10.41
2020-01-27,-6.36,-1.26,-10.28,68.65,1.38,0.0,8.76
2020-01-28,-7.17,-1.15,-12.3,81.56,3.18,0.0,8.36
2020-01-29,-7.84,-0.66,-13.57,74.14,1.46,0.0,9.25
2020-01-30,-9.24,-2.69,-13.39,82.13,1.63,0.0,10.19
2020-01-31,-10.07,-2.85,-15.5,68.93,2.57,0.0,11.0
2020-02-01,-10.72,-5.82,-16.54,75.3,1.77,0.1,7.1
2020-02-02,-13.03,-9.06,-17.29,69.5,3.32,0.02,12.56
2020-02-03,-13.13,-3.31,-20.03,68.3,2.75,0.0,12.74
2020-02-04,-12.59,-4.77,-17.82,62.56,2.63,0.0,13.08
2020-02-05,-9.39,-1.74,-16.89,60.54,1.76,0.0,11.34
2020-02-06,-7.85,-0.79,-12.39,73.42,1.38,0.0,11.82
2020-02-07,-8.51,-0.03,-14.54,64.06,2.0,0.0,12.18
2020-02-08,-7.88,0.28,-13.46,63.79,2.19,0.0,12.73
2020-02-09,-6.32,2.73,-11.34,65.35,2.28,0.0,13.65
2020-02-10,-5.63,2.8,-12.4,65.28,2.25,0.0,13.64
2020-02-11,-2.61,5.58,-9.02,72.28,2.25,0.0,14.09
2020-02-12,-2.82,5.27,-9.53,74.03,2.43,0.0,14.37
2020-02-13,-2.18,4.6,-6.85,63.45,2.64,0.38,11.59
2020-02-14,-12.86,-7.67,-17.57,62.1,6.07,0.12,14.68
2020-02-15,-14.79,-9.82,-18.21,60.95,6.25,0.02,15.17
2020-02-16,-12.58,-6.07,-17.8,72.33,6.04,0.0,15.78
2020-02-17,-7.77,1.24,-16.35,63.74,3.23,0.0,15.88
2020-02-18,-6.03,0.34,-11.41,52.12,1.71,0.0,14.68
2020-02-19,-4.85,1.03,-9.8,44.33,1.61,0.0,13.79
2020-02-20,-5.97,0.53,-10.63,51.18,2.84,0.01,8.24
2020-02-21,-9.41,-3.95,-14.63,58.28,4.22,0.02,15.03
2020-02-22,-9.09,-1.29,-16.65,55.43,2.77,0.0,17.82
2020-02-23,-3.67,5.6,-11.38,68.08,1.87,0.0,16.89
2020-02-24,-0.57,5.55,-5.76,72.4,1.46,0.0,15.21
2020-02-25,-0.55,6.56,-4.83,56.84,2.33,0.0,17.57
2020-02-26,-0.94,5.06,-7.19,58.31,1.77,0.0,16.55
2020-02-27,0.0,4.21,-2.87,87.84,3.37,0.02,8.13
2020-02-28,0.17,7.6,-4.21,69.85,2.6,0.0,17.27
2020-02-29,-0.81,7.61,-6.23,63.99,4.21,0.08,17.46
2020-03-01,-4.88,-0.15,-8.61,48.28,4.08,0.15,18.61
2020-03-02,-5.06,2.73,-10.32,52.63,5.31,0.02,15.77
2020-03-03,-9.52,-5.3,-13.58,57.85,3.96,0.01,17.93
2020-03-04,-8.66,-1.23,-16.21,50.9,1.96,0.0,19.78
2020-03-05,-2.78,6.45,-11.41,72.33,3.0,0.0,16.88
2020-03-06,-1.71,5.17,-5.91,72.91,2.73,1.01,11.97
2020-03-07,-0.94,6.49,-7.12,51.94,2.32,0.0,18.72
2020-03-08,-0.87,1.87,-3.83,75.66,3.43,0.96,3.73
2020-03-09,-4.56,-0.97,-9.15,55.82,4.22,0.01,16.41
2020-03-10,-4.85,2.83,-13.07,44.27,3.7,0.0,20.37
2020-03-11,-1.47,7.52,-9.77,46.86,3.18,0.0,19.68
2020-03-12,-3.77,0.71,-8.79,50.9,5.15,0.0,18.3
2020-03-13,-5.45,1.34,-13.32,36.65,4.6,0.0,21.2
2020-03-14,-3.18,3.09,-10.55,47.33,5.53,0.0,21.55
2020-03-15,1.42,10.4,-5.68,41.24,3.71,0.0,20.98
2020-03-16,2.61,11.45,-3.55,36.93,4.46,0.0,21.66
2020-03-17,4.29,14.36,-3.41,38.44,3.83,0.0,21.82
2020-03-18,0.13,7.97,-4.8,33.03,6.48,0.04,19.03
2020-03-19,1.99,11.3,-6.3,37.08,3.77,0.0,20.4
2020-03-20,5.29,13.25,-2.11,44.46,3.27,0.0,21.03
2020-03-21,1.37,7.95,-3.38,51.59,4.54,0.0,22.48
2020-03-22,3.81,13.46,-3.4,37.71,2.92,0.0,21.47
2020-03-23,7.94,15.69,-0.95,30.67,1.89,0.0,18.75
2020-03-24,3.78,9.06,-0.8,81.28,2.21,0.0,10.84
2020-03-25,3.79,14.48,-5.7,71.8,4.55,6.4,16.02
2020-03-26,-4.67,-0.09,-9.23,38.4,5.2,0.09,16.17
2020-03-27,-5.0,1.08,-9.42,39.97,3.21,2.42,24.42
2020-03-28,-1.35,5.2,-7.93,53.15,2.19,0.07,20.2
2020-03-29,1.13,6.37,-2.25,75.5,2.7,0.36,16.43
2020-03-30,2.63,9.39,-3.56,60.23,2.47,0.0,14.24
2020-03-31,0.88,7.6,-4.76,42.28,5.1,0.0,20.78
2020-04-01,-0.65,6.05,-5.29,28.58,2.35,0.0,22.87
2020-04-02,1.16,9.58,-5.83,30.51,2.45,0.0,25.74
2020-04-03,4.63,13.87,-3.19,34.18,2.99,0.0,25.74
2020-04-04,6.64,15.55,-3.23,32.0,1.95,0.0,26.01
2020-04-05,5.91,11.82,-1.71,44.84,1.84,0.0,16.72
2020-04-06,8.39,16.67,1.03,39.06,1.77,0.0,22.74
2020-04-07,6.46,13.21,-0.74,44.47,2.12,0.02,19.59
2020-04-08,6.43,15.98,-1.84,35.03,3.55,0.0,17.59
2020-04-09,2.61,9.4,-3.9,44.53,4.71,0.0,21.56
2020-04-10,0.42,6.17,-5.1,53.71,4.64,0.0,22.96
2020-04-11,2.69,10.55,-4.19,37.4,4.23,0.0,26.55
2020-04-12,5.38,14.61,-2.61,26.7,4.11,0.0,27.54
2020-04-13,8.8,16.08,-0.49,23.83,2.23,0.0,24.12
2020-04-14,9.89,18.45,0.84,33.98,2.55,0.0,24.19
2020-04-15,5.14,11.66,-1.52,44.4,3.82,0.03,16.64
2020-04-16,1.89,7.2,-3.62,48.43,6.55,0.21,22.37
2020-04-17,5.03,13.84,-2.61,39.39,4.94,0.0,26.4
2020-04-18,4.66,9.35,0.01,65.13,3.26,0.11,10.48
2020-04-19,2.96,10.27,-4.2,69.0,5.82,0.46,14.99
2020-04-20,-1.76,3.67,-5.92,35.26,6.78,0.0,29.69
2020-04-21,-3.12,2.55,-7.01,27.03,6.26,0.0,30.28
2020-04-22,-2.12,3.95,-6.97,29.2,4.04,0.0,28.19
2020-04-23,0.41,7.85,-6.71,25.67,4.43,0.0,28.06
2020-04-24,7.44,18.08,-3.71,22.94,5.78,0.0,29.24
2020-04-25,6.09,12.98,-1.72,30.61,4.42,0.0,29.11
2020-04-26,5.74,13.45,-1.78,34.96,3.5,0.0,26.81
2020-04-27,9.55,19.53,0.1,30.64,2.06,0.0,29.72
2020-04-28,11.94,22.85,1.11,30.02,2.6,0.0,29.56
2020-04-29,15.22,26.68,5.24,28.55,2.81,0.0,28.49
2020-04-30,18.97,29.12,9.08,22.23,2.15,0.0,29.37
2020-05-01,20.72,31.02,13.15,20.08,2.51,0.0,29.48
2020-05-02,20.86,30.81,12.5,21.22,3.46,0.0,29.22
2020-05-03,12.35,16.49,7.2,49.32,5.57,0.01,15.99
2020-05-04,12.54,20.35,4.65,43.31,2.35,0.0,24.06
2020-05-05,14.69,23.75,4.09,48.13,1.64,0.01,25.77
2020-05-06,14.45,24.15,7.59,43.33,6.4,3.41,14.47
2020-05-07,15.53,22.61,8.54,57.27,3.19,1.17,22.2
2020-05-08,12.92,19.6,6.75,56.26,3.17,0.43,15.77
2020-05-09,11.7,19.98,4.18,40.79,4.34,1.16,25.52
2020-05-10,5.52,11.16,0.11,34.29,5.61,0.0,26.13
2020-05-11,10.21,19.01,-0.22,32.65,7.14,0.0,30.04
2020-05-12,11.92,20.86,1.48,25.73,3.83,0.0,30.8
2020-05-13,15.11,24.11,5.82,29.3,3.45,0.0,24.5
2020-05-14,15.64,23.35,6.56,44.15,2.41,0.0,23.17
2020-05-15,16.26,25.43,8.1,40.67,3.48,0.05,21.9
2020-05-16,8.61,13.38,4.26,30.34,5.94,0.01,30.71
2020-05-17,5.62,10.22,0.04,50.94,5.2,0.08,24.17
2020-05-18,10.7,19.39,1.88,47.93,5.55,0.06,30.1
2020-05-19,14.99,23.28,5.0,37.26,2.28,0.05,27.89
2020-05-20,16.62,24.3,7.29,35.71,1.69,0.06,24.52
2020-05-21,15.34,21.29,7.3,39.71,5.12,0.08,29.47
2020-05-22,11.98,22.41,5.06,52.85,3.66,2.26,20.86
2020-05-23,9.89,15.87,3.64,58.68,4.8,0.38,23.18
2020-05-24,11.77,17.93,4.96,56.59,2.44,0.63,23.2
2020-05-25,10.19,16.49,5.01,62.97,2.49,6.78,21.47
2020-05-26,11.5,19.24,2.71,49.34,2.86,1.19,23.13
2020-05-27,13.77,22.25,3.11,41.12,3.22,0.0,30.25
2020-05-28,17.85,26.8,8.2,31.52,3.75,0.0,28.84
2020-05-29,17.4,25.12,9.29,43.98,3.33,0.36,21.92
2020-05-30,13.01,18.08,6.32,55.52,2.1,6.0,17.93
2020-05-31,11.51,19.81,2.89,42.35,3.84,3.83,32.51
2020-06-01,13.77,23.05,3.85,38.49,4.23,0.72,22.26
2020-06-02,18.26,28.44,6.78,28.48,5.11,0.0,31.38
2020-06-03,17.39,26.42,7.17,26.31,3.99,0.0,30.67
2020-06-04,19.76,30.37,8.7,27.69,3.38,0.0,24.99
2020-06-05,21.42,30.4,11.17,37.72,2.51,0.0,28.97
2020-06-06,22.8,33.21,11.09,39.51,4.44,0.0,27.32
2020-06-07,22.79,29.94,15.64,43.94,5.48,0.23,23.51
2020-06-08,16.09,18.73,10.78,53.39,2.9,1.77,8.27
2020-06-09,17.79,25.77,9.96,42.9,1.76,0.43,30.18
2020-06-10,18.5,27.23,8.9,30.74,2.76,0.0,30.95
2020-06-11,14.53,20.31,10.98,52.0,1.67,6.49,15.61
2020-06-12,18.83,27.6,8.89,51.45,2.81,0.08,28.3
2020-06-13,15.67,21.27,9.26,48.42,4.87,1.65,31.33
2020-06-14,18.01,26.93,6.96,33.92,1.97,0.02,32.59
2020-06-15,20.25,27.55,12.12,27.39,1.41,0.0,30.86
2020-06-16,22.06,29.58,13.55,34.09,2.4,0.05,25.1
2020-06-17,17.65,21.5,14.17,58.68,1.49,2.08,11.83
2020-06-18,20.38,28.92,12.29,49.55,2.52,3.08,29.32
2020-06-19,22.05,31.04,11.24,44.68,1.57,0.64,28.9
2020-06-20,23.79,32.18,14.06,48.7,2.42,0.25,26.81
2020-06-21,23.71,29.92,15.97,43.75,2.76,0.75,23.9
2020-06-22,18.47,21.33,13.23,69.39,2.06,7.51,8.23
2020-06-23,21.28,29.64,11.96,44.25,1.82,0.0,29.61
2020-06-24,19.79,27.44,14.05,35.53,2.66,0.09,19.91
2020-06-25,18.21,24.96,10.35,37.54,2.85,0.05,28.44
2020-06-26,19.83,28.08,10.99,39.29,2.84,0.0,26.79
2020-06-27,21.95,29.84,12.02,34.97,1.31,0.0,30.24
2020-06-28,17.8,19.83,14.16,70.59,3.13,5.63,8.16
2020-06-29,17.52,22.48,13.14,73.08,2.14,13.07,17.82
2020-06-30,18.7,25.25,11.33,59.65,3.45,2.72,25.04
2020-07-01,21.16,27.61,14.32,49.82,1.14,5.63,22.86
2020-07-02,17.5,20.86,13.42,68.27,0.93,2.11,17.47
2020-07-03,20.11,27.09,11.93,59.23,1.53,0.91,25.79
2020-07-04,17.77,22.83,12.78,66.89,1.59,4.67,14.98
2020-07-05,19.08,26.8,11.36,58.7,2.04,1.55,25.94
2020-07-06,21.18,28.45,13.19,46.3,2.19,0.59,26.78
2020-07-07,22.44,30.0,13.47,44.25,1.85,0.0,27.08
2020-07-08,21.98,31.47,15.6,66.06,2.89,6.26,23.78
2020-07-09,20.44,28.72,15.01,63.89,2.14,2.55,25.42
2020-07-10,22.53,31.08,14.56,51.38,3.11,0.66,23.58
2020-07-11,19.64,24.99,16.56,76.66,3.32,8.09,15.31
2020-07-12,16.77,19.51,12.97,80.95,1.9,9.63,12.58
2020-07-13,19.7,27.46,11.88,62.76,2.18,1.5,26.31
2020-07-14,21.93,29.52,13.01,54.34,2.27,0.02,27.11
2020-07-15,23.08,29.57,14.36,55.61,1.37,0.21,23.87
2020-07-16,21.49,27.17,17.94,71.68,2.16,20.14,16.47
2020-07-17,18.32,20.63,15.35,80.83,1.39,17.11,7.71
2020-07-18,17.64,24.15,10.67,57.7,2.73,6.87,27.25
2020-07-19,19.22,27.02,9.65,42.83,2.04,0.0,27.58
2020-07-20,21.8,30.17,12.53,46.84,1.99,0.04,28.54
2020-07-21,21.77,28.32,15.31,54.7,3.64,0.05,27.54
2020-07-22,19.45,25.88,12.74,69.19,2.1,0.0,21.88
2020-07-23,20.94,27.94,13.51,63.54,1.7,0.0,24.8
2020-07-24,22.38,28.77,14.64,60.71,1.7,0.16,21.65
2020-07-25,19.07,21.99,16.33,77.44,2.1,6.82,6.26
2020-07-26,18.86,22.91,14.8,77.69,1.89,11.28,14.56
2020-07-27,20.98,28.3,14.07,63.07,1.88,11.9,26.34
2020-07-28,21.06,27.74,13.35,59.57,1.7,3.47,27.27
2020-07-29,22.25,30.05,13.95,55.22,1.5,0.27,28.26
2020-07-30,21.85,28.16,17.92,74.32,2.79,3.76,17.48
2020-07-31,22.06,29.01,17.08,69.49,1.82,4.75,25.94
2020-08-01,20.36,27.17,15.78,77.94,2.47,23.19,15.59
2020-08-02,20.32,27.24,14.22,60.72,2.46,0.98,27.51
2020-08-03,19.24,26.62,11.83,54.22,3.03,0.0,28.75
2020-08-04,20.82,27.43,13.89,55.06,1.09,0.0,26.79
2020-08-05,20.62,27.03,13.7,66.83,1.86,0.0,23.11
2020-08-06,20.15,26.51,14.05,73.17,2.41,0.0,15.06
2020-08-07,21.5,28.39,13.95,68.6,2.08,0.45,24.49
2020-08-08,21.52,28.85,14.71,60.35,2.34,6.51,25.58
2020-08-09,20.34,28.2,13.14,53.15,2.62,0.56,26.22
2020-08-10,19.92,27.6,12.94,49.39,1.83,1.1,26.9
2020-08-11,20.92,29.35,12.35,54.68,1.71,0.38,16.82
2020-08-12,18.95,23.32,14.65,82.29,4.0,7.95,6.89
2020-08-13,19.59,27.62,12.45,62.59,3.0,0.23,25.46
2020-08-14,20.59,27.59,12.58,52.82,2.04,0.0,23.44
2020-08-15,20.58,26.95,13.93,62.81,1.33,0.02,11.83
2020-08-16,19.74,26.17,13.85,75.3,1.99,2.2,17.4
2020-08-17,16.64,19.43,12.66,82.24,2.1,12.71,4.53
2020-08-18,15.32,20.72,11.1,69.06,1.55,10.72,15.79
2020-08-19,17.27,23.78,9.7,60.84,1.71,0.09,24.03
2020-08-20,17.68,23.66,11.16,64.84,1.56,0.04,24.22
2020-08-21,17.88,25.0,11.84,70.74,2.35,0.02,24.19
2020-08-22,17.49,22.69,12.84,81.95,3.58,4.21,8.63
2020-08-23,15.66,19.08,10.52,86.38,2.11,28.8,4.38
2020-08-24,17.31,26.13,9.26,63.15,2.07,0.08,24.03
2020-08-25,18.68,26.52,11.35,54.05,2.04,0.12,25.09
2020-08-26,18.76,26.81,11.76,62.78,1.36,0.02,22.71
2020-08-27,19.76,26.44,12.99,60.71,1.51,0.15,25.05
2020-08-28,17.66,22.97,13.12,73.61,1.39,19.79,24.56
2020-08-29,18.21,22.54,13.46,77.93,1.84,2.32,11.66
2020-08-30,15.23,17.57,11.45,87.39,3.18,10.67,4.32
2020-08-31,15.03,22.34,9.82,69.65,2.42,4.13,19.16
2020-09-01,13.85,22.3,6.89,59.46,2.83,0.29,22.16
2020-09-02,11.41,18.34,4.96,65.24,2.87,0.31,20.09
2020-09-03,11.48,19.3,3.82,58.06,2.78,0.0,25.18
2020-09-04,14.68,23.88,7.02,51.13,2.58,0.0,23.85
2020-09-05,15.0,22.26,8.05,59.8,1.98,0.45,18.35
2020-09-06,15.95,23.2,10.15,72.35,2.37,8.68,20.18
2020-09-07,15.42,22.19,9.79,65.94,3.24,0.54,22.19
2020-09-08,14.22,21.42,8.08,64.52,2.6,0.0,21.6
2020-09-09,13.44,20.75,7.74,60.23,1.91,0.0,22.01
2020-09-10,13.04,21.28,6.18,60.13,3.01,0.0,23.7
2020-09-11,13.01,21.31,4.66,68.24,2.12,0.0,23.75
2020-09-12,14.66,20.82,8.57,75.17,2.33,0.75,20.5
2020-09-13,12.33,15.1,6.02,84.59,2.53,16.99,5.39
2020-09-14,11.08,18.28,3.85,53.61,1.85,0.0,19.59
2020-09-15,10.42,17.96,2.11,60.54,3.36,4.85,20.92
2020-09-16,6.51,14.09,-0.12,55.54,4.2,0.0,23.24
2020-09-17,8.78,16.99,0.42,54.39,3.29,0.0,20.62
2020-09-18,11.12,18.82,1.96,48.69,2.08,0.0,22.78
2020-09-19,13.88,21.82,6.96,44.03,1.23,0.0,22.24
2020-09-20,13.41,21.48,4.95,54.26,1.52,0.0,17.82
2020-09-21,12.2,16.56,7.44,70.95,2.12,0.0,15.68
2020-09-22,10.66,17.56,4.12,64.4,1.79,0.44,10.51
2020-09-23,10.01,14.9,6.81,80.68,1.45,2.09,7.05
2020-09-24,11.54,19.85,2.91,58.03,1.05,0.0,19.99
2020-09-25,12.28,20.07,5.78,62.01,2.18,0.15,19.51
2020-09-26,12.45,19.21,6.63,79.16,2.72,0.3,13.35
2020-09-27,12.54,17.18,9.45,82.24,2.67,0.11,7.26
2020-09-28,10.25,14.68,4.69,87.27,2.56,2.08,7.55
2020-09-29,8.4,16.1,3.88,58.2,2.59,0.11,18.17
2020-09-30,8.99,13.76,3.05,81.1,2.87,5.3,10.04
2020-10-01,4.74,12.3,-1.41,54.82,4.19,0.0,18.52
2020-10-02,4.03,11.9,-3.97,55.32,2.58,0.32,19.67
2020-10-03,1.68,8.97,-4.75,50.75,4.21,0.0,19.45
2020-10-04,-0.83,7.29,-6.06,53.47,4.03,0.0,20.33
2020-10-05,2.27,9.88,-4.81,48.4,1.76,0.0,19.6
2020-10-06,5.18,12.79,-0.43,44.93,1.59,0.0,15.74
2020-10-07,7.28,14.96,0.22,50.74,1.69,0.0,17.06
2020-10-08,6.81,11.7,2.41,82.74,3.83,0.64,9.54
2020-10-09,7.59,14.3,3.68,62.25,2.7,0.04,17.76
2020-10-10,7.38,13.33,2.1,71.9,2.33,4.03,13.3
2020-10-11,1.86,6.79,-1.47,50.84,3.41,0.85,15.1
2020-10-12,1.41,9.41,-4.74,48.69,2.62,1.82,18.4
2020-10-13,1.16,7.76,-4.4,52.29,2.74,0.0,15.38
2020-10-14,3.05,9.87,-1.76,56.99,2.67,0.01,15.23
2020-10-15,2.98,9.74,-2.52,59.84,2.75,0.0,15.44
2020-10-16,1.23,9.06,-4.97,54.54,2.98,0.0,17.0
2020-10-17,2.65,12.23,-3.44,47.8,2.18,0.0,17.4
2020-10-18,4.13,11.73,-3.13,45.24,1.69,0.0,16.77
2020-10-19,4.26,12.1,-1.47,50.13,2.28,0.0,16.56
2020-10-20,3.22,12.77,-4.62,54.67,4.82,0.0,13.51
2020-10-21,-1.04,6.57,-6.93,48.21,3.67,0.0,14.92
2020-10-22,-1.85,4.93,-6.08,53.37,3.44,0.0,16.4
2020-10-23,2.13,9.38,-3.54,42.33,0.92,0.0,16.27
2020-10-24,4.52,10.92,-2.57,48.84,1.7,0.0,12.83
2020-10-25,8.15,16.46,2.4,69.34,1.46,0.04,13.7
2020-10-26,2.68,9.36,-5.12,45.8,3.85,0.0,15.11
2020-10-27,-0.1,7.56,-5.76,43.6,2.07,0.0,12.46
2020-10-28,3.17,8.87,-2.31,38.07,1.04,0.0,10.79
2020-10-29,3.7,11.04,-1.17,42.5,1.46,0.0,14.07
2020-10-30,3.36,8.91,-1.89,73.37,3.31,0.12,8.31
2020-10-31,0.16,7.12,-4.83,55.22,3.17,0.0,13.15
2020-11-01,-1.07,6.48,-5.4,56.97,2.85,0.07,12.98
2020-11-02,-3.64,1.74,-6.62,53.8,3.75,0.0,14.18
2020-11-03,-1.94,4.79,-6.67,53.27,2.12,0.0,13.87
2020-11-04,-0.15,7.55,-5.19,55.89,2.31,0.0,13.45
2020-11-05,1.39,8.73,-3.07,51.8,2.42,0.0,12.19
2020-11-06,-0.99,5.08,-5.01,53.42,4.43,0.0,12.76
2020-11-07,-1.95,3.74,-5.86,50.04,3.8,0.0,12.73
2020-11-08,-1.55,6.03,-6.85,50.54,2.33,0.0,13.04
2020-11-09,0.97,7.53,-5.44,45.54,1.52,0.0,12.89
2020-11-10,2.43,9.1,-2.12,47.27,1.56,0.0,12.41
2020-11-11,1.9,9.3,-1.74,85.7,2.34,0.01,10.86
2020-11-12,0.23,7.28,-3.45,50.79,2.9,0.0,13.04
2020-11-13,1.66,8.37,-4.06,65.33,1.93,0.0,9.48
2020-11-14,3.16,7.52,0.36,90.41,2.19,0.0,7.1
2020-11-15,4.61,12.68,-0.42,82.56,1.26,0.0,10.16
2020-11-16,4.02,10.57,-0.65,84.31,5.3,0.0,9.13
2020-11-17,3.99,6.02,2.3,95.57,2.33,1.98,1.39
2020-11-18,-0.83,1.79,-6.24,83.96,4.65,10.37,2.48
2020-11-19,-7.04,-2.92,-9.9,76.47,5.11,0.44,9.64
2020-11-20,-4.79,0.72,-9.84,74.19,1.32,0.06,10.37
2020-11-21,-8.3,-5.04,-15.22,73.89,5.16,2.47,6.14
2020-11-22,-13.68,-7.59,-18.99,67.06,3.0,0.06,9.88
2020-11-23,-11.86,-6.31,-16.56,76.95,1.26,0.12,8.84
2020-11-24,-9.64,-4.36,-13.66,77.24,1.08,0.0,8.31
2020-11-25,-8.64,-3.58,-14.59,68.84,2.09,0.0,5.21
2020-11-26,-9.15,-2.91,-14.99,74.78,2.12,0.02,7.03
2020-11-27,-12.24,-6.25,-15.07,78.06,3.43,0.01,9.47
2020-11-28,-10.16,-5.57,-15.33,75.18,1.82,0.03,7.57
2020-11-29,-12.31,-7.1,-16.26,78.74,2.83,0.01,8.22
2020-11-30,-12.08,-6.97,-16.56,75.38,1.2,0.0,8.1
2020-12-01,-10.46,-5.06,-14.4,77.86,1.3,0.02,7.9
2020-12-02,-13.91,-9.42,-17.01,76.22,3.82,0.01,8.83
2020-12-03,-14.68,-8.11,-18.62,79.18,2.33,0.0,10.04
2020-12-04,-14.61,-7.84,-19.27,77.53,2.01,0.0,9.15
2020-12-05,-13.37,-9.2,-18.4,92.11,1.85,0.1,6.43
2020-12-06,-13.47,-8.31,-18.82,75.17,3.28,0.06,8.19
2020-12-07,-16.17,-9.85,-20.14,68.12,2.39,0.02,9.14
2020-12-08,-14.73,-10.05,-19.77,91.22,1.71,0.0,7.57
2020-12-09,-11.91,-5.02,-15.53,82.57,2.64,0.0,8.93
2020-12-10,-11.58,-3.84,-16.21,81.23,2.56,0.0,9.02
2020-12-11,-11.86,-4.74,-16.61,84.0,2.57,0.0,8.93
2020-12-12,-12.82,-5.84,-18.36,77.82,4.7,0.33,7.17
2020-12-13,-19.44,-14.68,-23.0,69.01,4.23,0.01,9.36
2020-12-14,-18.53,-11.81,-23.0,69.36,2.2,0.0,9.57
2020-12-15,-17.49,-10.15,-20.96,68.3,2.15,0.0,9.39
2020-12-16,-16.56,-7.55,-21.14,70.45,1.98,0.0,9.31
2020-12-17,-15.07,-6.51,-18.8,72.16,2.26,0.0,9.47
2020-12-18,-15.06,-8.06,-20.89,78.44,2.27,0.0,9.62
2020-12-19,-14.42,-7.33,-18.19,84.92,1.48,0.0,8.54
2020-12-20,-14.18,-6.56,-19.17,84.97,1.92,0.0,8.8
2020-12-21,-14.01,-7.38,-17.64,92.9,1.57,0.0,8.47
2020-12-22,-12.91,-6.77,-17.13,87.57,2.59,0.0,8.0
2020-12-23,-15.08,-7.39,-19.39,78.03,2.67,0.0,8.82
2020-12-24,-16.41,-8.25,-20.95,74.62,2.87,0.0,9.55
2020-12-25,-13.65,-6.24,-18.66,79.23,1.87,0.0,9.81
2020-12-26,-12.87,-5.27,-17.77,83.0,1.9,0.0,9.5
2020-12-27,-10.84,-4.49,-15.85,78.53,1.42,0.0,9.34
2020-12-28,-14.59,-9.05,-24.35,72.11,4.96,0.05,6.96
2020-12-29,-25.72,-21.55,-28.85,58.78,6.2,0.0,9.66
2020-12-30,-23.86,-17.32,-28.37,70.48,4.89,0.0,10.11
2020-12-31,-21.42,-13.82,-25.27,70.32,2.57,0.0,9.51
2021-01-01,-17.49,-9.02,-23.07,86.03,2.07,0.0,9.88
2021-01-02,-17.86,-10.33,-22.83,73.82,2.71,0.0,9.93
2021-01-03,-16.49,-12.19,-21.77,79.82,1.53,0.0,9.05
2021-01-04,-20.43,-14.73,-24.45,73.37,3.56,0.0,9.84
2021-01-05,-20.78,-13.57,-25.15,73.99,3.26,0.13,10.33
2021-01-06,-28.94,-24.53,-30.99,57.08,7.5,0.03,10.68
2021-01-07,-24.33,-19.21,-30.11,70.01,5.66,0.0,9.21
2021-01-08,-19.99,-14.95,-23.06,74.11,6.63,0.0,10.32
2021-01-09,-17.72,-10.05,-23.47,79.56,4.97,0.0,10.86
2021-01-10,-17.24,-9.97,-22.15,79.21,3.1,0.0,5.21
2021-01-11,-16.88,-9.9,-21.3,79.96,3.25,0.0,10.41
2021-01-12,-14.1,-6.28,-20.44,78.91,3.3,0.0,9.02
2021-01-13,-12.24,-5.28,-17.32,78.66,2.77,0.0,7.31
2021-01-14,-11.06,-3.77,-15.08,86.17,2.48,0.0,6.02
2021-01-15,-14.87,-9.83,-19.55,79.34,3.13,0.0,10.77
2021-01-16,-17.7,-12.31,-21.72,69.75,4.62,0.0,11.13
2021-01-17,-15.83,-6.97,-22.16,70.13,3.37,0.0,11.42
2021-01-18,-12.28,-4.47,-17.95,62.22,2.59,0.0,11.54
2021-01-19,-9.32,-2.52,-15.22,79.15,2.39,0.0,10.9
2021-01-20,-8.92,-2.85,-13.57,76.94,1.12,0.0,10.59
2021-01-21,-7.18,1.27,-12.14,57.96,1.55,0.0,11.09
2021-01-22,-7.08,-1.3,-12.34,58.36,1.48,0.0,11.51
2021-01-23,-6.31,-0.72,-11.24,77.17,1.45,0.0,10.46
2021-01-24,-4.13,2.73,-9.24,82.73,1.07,0.0,10.07
2021-01-25,-6.73,-1.58,-13.3,72.1,2.46,0.05,10.43
2021-01-26,-11.31,-4.58,-15.94,56.72,2.99,0.0,12.27
2021-01-27,-13.04,-7.56,-17.9,69.02,4.71,0.0,10.33
2021-01-28,-15.81,-8.41,-22.28,50.69,5.16,0.0,12.86
2021-01-29,-10.92,-1.99,-17.79,66.62,3.39,0.0,13.07
2021-01-30,-9.33,-0.95,-14.54,70.88,3.33,0.0,13.1
2021-01-31,-8.92,-1.03,-15.56,68.27,4.59,0.0,12.32
2021-02-01,-16.42,-12.1,-21.96,60.45,4.49,0.0,13.09
2021-02-02,-14.87,-5.29,-22.25,52.75,2.88,0.0,12.05
2021-02-03,-11.97,-6.23,-17.46,59.17,4.15,0.0,13.05
2021-02-04,-9.43,-0.51,-17.14,63.9,3.1,0.0,11.62
2021-02-05,-6.45,2.27,-13.32,74.26,3.81,0.0,12.43
2021-02-06,-5.88,3.24,-11.47,75.48,3.35,0.0,12.83
2021-02-07,-9.54,-1.75,-15.43,64.19,2.55,0.0,13.64
2021-02-08,-7.57,-0.57,-13.42,57.31,1.67,0.0,10.76
2021-02-09,-3.88,3.88,-9.78,54.92,1.5,0.0,13.09
2021-02-10,-4.2,2.63,-9.7,58.63,2.27,0.0,13.62
2021-02-11,-1.91,6.66,-7.98,60.58,2.8,0.0,11.24
2021-02-12,-2.17,3.54,-7.5,43.26,1.63,0.32,11.68
2021-02-13,-1.3,5.8,-7.75,51.52,1.9,0.0,13.81
2021-02-14,-9.14,-4.07,-16.47,68.88,4.35,0.03,12.39
2021-02-15,-9.79,0.09,-17.74,57.86,5.47,0.02,15.01
2021-02-16,-12.89,-8.01,-17.6,49.7,6.5,0.0,15.65
2021-02-17,-7.69,1.26,-15.86,55.89,3.48,0.0,15.79
2021-02-18,-2.92,5.96,-9.88,52.08,2.75,0.0,15.02
2021-02-19,-0.99,8.28,-9.04,51.07,3.23,0.0,14.61
2021-02-20,0.56,8.69,-6.57,43.71,3.66,0.0,14.69
2021-02-21,2.35,10.74,-4.86,52.76,3.36,0.0,15.95
2021-02-22,-1.26,4.7,-6.4,49.27,2.47,0.0,15.88
2021-02-23,-0.38,4.56,-3.73,59.08,1.21,0.0,9.57
2021-02-24,1.1,8.9,-5.03,60.04,1.18,0.0,15.78
2021-02-25,0.23,7.01,-4.03,39.58,2.56,0.0,16.62
2021-02-26,-0.02,6.89,-5.16,52.28,4.84,0.0,14.53
2021-02-27,-0.93,3.59,-4.74,75.82,5.04,2.31,3.48
2021-02-28,-2.83,1.31,-5.7,67.3,3.87,2.45,4.59
2021-03-01,-3.97,1.33,-7.32,45.67,3.66,0.4,16.64
2021-03-02,-2.38,5.29,-9.38,49.45,3.52,0.04,17.38
2021-03-03,-0.77,6.99,-8.27,54.45,3.39,0.0,18.31
2021-03-04,1.39,8.61,-4.01,46.53,2.36,0.0,17.75
2021-03-05,-2.47,1.5,-7.32,56.91,3.95,0.05,12.49
2021-03-06,-2.89,3.2,-8.81,43.21,1.57,0.0,19.43
2021-03-07,-0.8,6.45,-8.07,48.12,1.92,0.0,18.73
2021-03-08,2.08,6.4,-1.66,76.15,1.89,0.0,11.53
2021-03-09,3.29,9.12,-1.19,66.39,1.8,0.0,16.81
2021-03-10,2.66,10.53,-2.06,78.41,2.45,0.0,14.36
2021-03-11,3.22,10.42,-2.21,78.83,2.05,1.67,17.71
2021-03-12,2.92,9.99,-2.05,67.25,2.06,6.85,17.44
2021-03-13,3.81,11.25,-2.64,51.76,2.01,0.0,18.54
2021-03-14,3.33,8.55,-0.89,88.76,3.89,0.0,14.18
2021-03-15,-4.37,0.8,-9.56,30.07,7.01,0.0,16.52
2021-03-16,-0.48,6.37,-5.46,42.77,2.58,0.0,5.52
2021-03-17,2.46,9.87,-3.12,61.61,2.48,2.79,7.85
2021-03-18,2.32,8.99,-2.72,83.54,2.09,1.02,7.1
2021-03-19,-0.19,4.12,-5.3,82.92,2.81,2.62,5.07
2021-03-20,-4.94,-0.41,-8.05,51.58,6.6,0.48,20.13
2021-03-21,-4.19,2.28,-9.93,37.71,5.66,0.0,23.19
2021-03-22,-1.0,7.83,-8.22,40.24,3.21,0.02,22.95
2021-03-23,2.11,12.86,-5.51,44.9,2.93,0.0,18.33
2021-03-24,5.31,13.46,-2.83,34.01,2.27,0.0,23.62
2021-03-25,6.35,14.64,-2.08,50.81,2.92,0.25,17.95
2021-03-26,6.66,14.06,0.63,55.66,2.11,0.52,13.03
2021-03-27,5.54,15.56,-2.95,39.67,4.93,0.0,21.77
2021-03-28,-0.73,5.6,-5.67,37.95,5.9,0.0,24.8
2021-03-29,2.62,9.2,-3.11,37.0,1.6,0.0,19.34
2021-03-30,5.66,14.77,-2.3,48.09,2.76,0.0,14.48
2021-03-31,5.84,10.19,1.89,43.42,4.56,1.07,7.29
2021-04-01,3.48,5.1,1.55,91.53,3.52,9.69,6.11
2021-04-02,3.21,8.25,-1.2,54.5,4.67,0.16,14.88
2021-04-03,0.87,8.28,-4.65,37.6,4.13,0.0,22.47
2021-04-04,3.4,10.74,-4.82,39.95,1.99,0.0,23.94
2021-04-05,2.57,5.46,-0.11,81.79,1.5,2.41,6.78
2021-04-06,3.91,8.36,-1.29,62.26,1.31,0.05,15.72
2021-04-07,6.57,14.17,-2.64,34.73,1.4,0.0,25.32
2021-04-08,8.29,15.94,0.81,35.91,1.94,0.0,23.22
2021-04-09,8.23,15.07,1.93,46.0,1.26,0.0,22.01
2021-04-10,6.36,10.83,1.8,80.4,3.39,0.29,14.38
2021-04-11,5.73,8.88,3.75,88.38,3.11,0.87,8.79
2021-04-12,-0.02,4.5,-8.01,59.1,6.02,1.26,20.4
2021-04-13,-1.32,6.84,-8.43,33.67,3.85,0.0,27.76
2021-04-14,3.84,12.18,-4.64,39.22,3.97,0.0,26.97
2021-04-15,0.36,6.75,-5.84,45.13,6.6,0.02,19.7
2021-04-16,-1.54,4.3,-6.56,44.29,4.72,0.08,21.44
2021-04-17,2.85,12.46,-6.58,35.57,3.34,0.0,28.8
2021-04-18,7.15,15.65,-2.47,35.0,2.45,0.0,27.67
2021-04-19,11.89,19.44,4.21,30.76,1.64,0.0,22.2
2021-04-20,14.01,21.94,5.97,42.95,2.19,0.01,24.84
2021-04-21,11.43,17.85,4.81,64.45,3.13,0.35,19.28
2021-04-22,10.58,17.13,6.41,73.89,1.96,2.31,16.87
2021-04-23,12.81,20.31,3.47,57.51,3.77,0.02,23.24
2021-04-24,12.04,20.55,3.72,59.14,4.01,0.0,23.66
2021-04-25,8.65,13.45,4.37,73.7,4.68,0.18,7.35
2021-04-26,6.16,12.55,-1.49,43.84,5.22,0.0,21.88
2021-04-27,1.86,7.86,-4.66,44.55,4.86,0.03,23.7
2021-04-28,3.11,9.7,-4.73,40.75,4.85,0.15,23.04
2021-04-29,2.83,8.0,-2.76,41.04,5.29,0.48,26.43
2021-04-30,3.5,8.06,-2.33,51.74,6.23,3.47,19.1
2021-05-01,4.75,12.41,-3.27,35.55,4.48,0.0,27.09
2021-05-02,10.22,21.22,-1.26,43.32,5.56,0.0,27.21
2021-05-03,7.26,15.86,0.46,56.43,5.3,0.0,16.01
2021-05-04,3.04,6.79,-3.12,40.39,6.19,0.27,23.45
2021-05-05,8.93,18.85,-2.66,28.88,4.95,0.0,29.72
2021-05-06,3.42,7.05,0.22,44.67,9.4,0.1,23.52
2021-05-07,9.17,18.87,-4.44,34.13,5.48,0.01,29.25
2021-05-08,9.94,17.68,2.43,41.73,4.63,0.03,27.06
2021-05-09,12.09,20.46,3.95,49.21,2.86,0.01,21.8
2021-05-10,12.77,20.91,3.11,38.03,2.25,0.0,25.45
2021-05-11,14.23,25.53,3.04,43.31,4.98,0.14,22.93
2021-05-12,14.75,23.43,4.97,43.89,3.43,0.24,24.74
2021-05-13,16.74,22.71,10.73,68.81,3.89,2.44,21.84
2021-05-14,14.74,22.75,4.88,71.97,6.19,9.85,13.85
2021-05-15,7.57,12.86,3.64,47.88,6.25,3.45,8.84
2021-05-16,10.96,18.85,2.95,31.07,3.72,0.01,30.24
2021-05-17,13.64,22.03,4.44,35.03,2.98,0.15,26.51
2021-05-18,15.43,22.04,7.55,33.28,2.96,0.0,26.93
2021-05-19,13.69,20.82,7.95,52.89,2.63,0.22,12.71
2021-05-20,13.57,20.78,6.95,62.21,2.08,0.08,24.43
2021-05-21,17.2,26.4,7.87,45.71,2.93,0.0,29.26
2021-05-22,13.68,22.8,6.67,55.78,4.41,0.78,16.54
2021-05-23,7.87,14.59,0.82,32.92,4.84,0.0,25.3
2021-05-24,6.47,13.61,0.16,34.04,5.15,0.03,23.61
2021-05-25,13.76,24.7,0.36,34.78,5.04,0.03,30.0
2021-05-26,10.92,17.72,5.01,48.67,4.94,0.17,25.44
2021-05-27,11.11,16.92,4.59,38.78,7.04,0.67,26.53
2021-05-28,14.13,23.95,1.5,35.19,4.57,0.0,31.58
2021-05-29,19.06,29.11,8.38,37.56,3.14,0.57,28.69
2021-05-30,17.58,26.52,7.54,36.67,2.76,0.0,32.16
2021-05-31,15.04,22.38,6.26,46.35,3.92,3.01,18.86
2021-06-01,14.23,24.69,2.84,33.4,4.57,0.01,23.63
2021-06-02,9.86,16.04,2.92,39.75,4.91,0.0,30.73
2021-06-03,10.58,18.52,1.1,45.24,4.61,0.0,31.71
2021-06-04,13.54,21.67,5.69,37.51,4.6,0.0,30.41
2021-06-05,17.09,26.77,5.63,29.85,3.23,0.0,29.62
2021-06-06,19.39,29.72,10.35,43.17,2.84,0.03,16.15
2021-06-07,18.78,28.1,11.66,49.17,3.13,0.03,24.16
2021-06-08,17.04,24.33,8.37,42.11,2.04,1.64,18.98
2021-06-09,14.61,19.11,8.29,61.74,1.49,0.82,10.55
2021-06-10,18.17,27.06,8.46,46.07,1.08,0.07,31.62
2021-06-11,18.57,26.1,11.32,41.72,3.59,0.05,24.49
2021-06-12,19.43,25.64,12.12,60.99,2.28,0.7,23.92
2021-06-13,19.52,25.11,15.53,76.78,2.97,8.37,17.86
2021-06-14,20.42,28.64,14.83,57.51,2.6,1.88,21.89
2021-06-15,21.82,30.2,13.63,42.09,2.11,0.11,24.51
2021-06-16,15.14,17.63,8.87,72.2,3.38,31.19,7.85
2021-06-17,14.83,23.98,5.34,45.34,3.95,0.0,31.5
2021-06-18,15.62,22.74,9.25,36.54,4.72,0.0,32.09
2021-06-19,17.32,25.43,9.01,33.53,4.16,0.0,31.77
2021-06-20,17.78,26.76,8.73,43.67,2.61,0.0,22.47
2021-06-21,19.27,27.49,12.31,48.37,1.56,0.04,26.96
2021-06-22,21.07,28.99,10.92,43.41,1.94,0.01,27.92
2021-06-23,19.06,26.35,13.62,71.39,2.28,13.95,14.28
2021-06-24,17.13,21.76,13.89,83.87,2.57,6.63,8.65
2021-06-25,21.27,30.53,13.68,51.64,2.86,0.3,28.76
2021-06-26,21.28,29.18,12.08,44.14,2.85,0.01,30.98
2021-06-27,23.19,31.01,14.87,42.09,1.58,0.0,30.58
2021-06-28,23.56,31.29,16.44,41.14,1.62,0.04,21.85
2021-06-29,21.42,28.97,13.82,43.99,3.07,0.04,30.57
2021-06-30,20.5,28.65,10.98,32.96,2.87,0.0,30.94
2021-07-01,21.55,28.98,13.43,37.32,1.77,0.09,29.66
2021-07-02,16.18,20.9,12.88,79.62,3.17,4.8,9.36
2021-07-03,17.75,24.76,12.38,63.41,2.85,2.43,27.67
2021-07-04,20.65,30.17,10.06,52.39,2.06,0.98,30.25
2021-07-05,18.53,24.69,12.26,69.56,3.92,14.38,21.71
2021-07-06,19.03,26.5,10.35,58.0,2.59,0.38,29.6
2021-07-07,22.14,28.88,16.13,45.1,0.74,2.48,27.93
2021-07-08,23.15,29.83,15.13,40.44,1.97,6.39,23.92
2021-07-09,24.89,32.76,16.72,40.21,1.31,0.02,28.84
2021-07-10,24.08,32.27,17.24,51.47,2.26,2.94,25.85
2021-07-11,23.08,29.69,17.31,67.78,1.58,3.79,18.94
2021-07-12,19.6,25.17,16.19,74.73,1.97,17.4,17.44
2021-07-13,23.09,31.39,14.94,56.94,2.39,0.6,26.34
2021-07-14,25.47,34.01,16.48,51.03,1.59,0.3,28.55
2021-07-15,22.28,28.14,16.79,76.54,1.41,7.77,19.51
2021-07-16,24.13,30.63,16.85,62.07,1.46,0.83,19.53
2021-07-17,22.79,29.56,17.58,68.74,1.28,4.02,16.47
2021-07-18,23.82,31.16,16.73,60.62,1.13,0.38,29.22
2021-07-19,23.13,29.46,15.61,63.5,1.93,0.17,27.89
2021-07-20,22.26,28.8,16.81,64.89,2.88,0.13,27.11
2021-07-21,21.12,28.33,15.28,67.71,3.7,0.0,19.44
2021-07-22,20.71,26.62,16.07,72.92,2.99,0.01,18.9
2021-07-23,21.41,27.82,15.23,68.19,2.13,0.09,17.59
2021-07-24,22.6,28.2,16.08,67.76,2.14,3.34,22.31
2021-07-25,20.91,25.9,17.71,78.93,4.25,10.55,9.09
2021-07-26,19.65,26.15,14.52,76.07,2.75,12.44,17.91
2021-07-27,19.85,26.44,13.62,66.38,1.6,2.69,27.18
2021-07-28,19.23,24.19,13.41,70.89,1.17,1.11,14.18
2021-07-29,21.47,28.87,13.98,61.9,1.25,0.84,26.52
2021-07-30,23.79,31.72,14.44,47.85,2.19,0.68,28.83
2021-07-31,20.5,26.44,14.55,51.19,3.88,0.0,29.48
2021-08-01,16.9,23.8,11.17,53.11,4.04,0.0,29.68
2021-08-02,19.83,28.04,8.85,45.45,1.57,0.01,28.09
2021-08-03,18.19,23.51,11.77,69.86,1.75,4.19,7.21
2021-08-04,18.65,26.62,11.67,64.01,2.69,0.68,23.63
2021-08-05,18.54,26.3,10.98,51.58,2.37,0.05,24.49
2021-08-06,19.81,27.75,10.39,45.84,1.3,0.0,23.41
2021-08-07,21.61,29.45,13.03,38.37,1.66,0.0,25.98
2021-08-08,18.21,22.24,12.52,74.5,1.73,4.67,11.56
2021-08-09,18.71,26.74,11.93,57.34,2.25,1.51,25.03
2021-08-10,17.99,26.04,10.46,44.3,2.03,0.0,23.48
2021-08-11,19.44,27.21,10.57,43.15,1.23,0.03,16.65
2021-08-12,20.6,28.96,12.01,41.05,1.27,0.0,24.36
2021-08-13,20.57,28.73,11.9,50.71,1.56,0.0,23.18
2021-08-14,17.69,23.24,13.01,74.05,2.01,3.71,15.09
2021-08-15,18.36,24.13,13.14,72.12,1.6,0.93,18.17
2021-08-16,20.77,29.07,11.8,57.88,1.1,0.01,23.41
2021-08-17,21.82,29.96,13.16,52.65,1.44,0.0,23.3
2021-08-18,19.66,23.13,16.32,82.11,3.43,23.03,4.82
2021-08-19,20.96,27.64,15.5,70.32,1.77,17.1,18.48
2021-08-20,17.55,24.2,11.78,61.5,1.75,9.45,24.6
2021-08-21,18.45,25.99,10.84,50.67,2.08,0.33,26.31
2021-08-22,18.96,26.46,10.04,42.07,2.4,0.02,22.34
2021-08-23,14.92,23.08,8.26,58.3,1.73,4.07,12.46
2021-08-24,9.73,15.21,5.38,72.03,3.19,4.55,18.57
2021-08-25,11.93,18.05,7.3,76.19,4.67,2.0,11.89
2021-08-26,12.65,19.59,6.63,69.13,2.82,1.1,22.69
2021-08-27,13.65,21.63,5.58,61.08,2.18,0.11,23.58
2021-08-28,13.93,19.61,8.76,68.03,1.18,3.66,18.14
2021-08-29,15.27,20.91,8.31,66.51,1.45,0.61,22.7
2021-08-30,16.18,21.14,10.9,71.86,1.19,0.55,12.46
2021-08-31,17.32,23.01,11.88,66.85,1.22,0.83,20.63
2021-09-01,16.85,22.69,10.22,68.84,1.69,1.0,22.66
2021-09-02,17.85,25.54,10.11,66.72,2.13,1.9,19.41
2021-09-03,19.06,26.07,12.9,56.81,1.37,0.13,17.22
2021-09-04,15.59,18.88,12.2,80.91,1.69,8.77,5.25
2021-09-05,11.89,16.61,7.59,65.72,2.96,0.75,12.45
2021-09-06,12.51,19.93,5.77,50.71,2.45,0.8,24.29
2021-09-07,15.34,24.81,6.9,51.37,3.63,0.52,22.6
2021-09-08,16.79,24.14,9.41,44.25,1.83,0.1,22.99
2021-09-09,15.22,22.12,8.69,49.01,2.86,0.0,22.91
2021-09-10,17.76,27.22,8.03,41.51,2.35,0.0,23.36
2021-09-11,19.58,27.78,9.89,43.15,1.61,0.44,22.52
2021-09-12,17.39,22.56,12.07,77.3,2.48,1.43,14.98
2021-09-13,17.5,22.64,12.94,68.25,2.65,1.9,15.62
2021-09-14,16.46,20.31,14.09,77.45,2.9,0.79,8.98
2021-09-15,14.73,18.35,11.34,86.03,3.47,8.97,3.93
2021-09-16,13.58,21.19,7.66,61.05,2.87,0.48,20.8
2021-09-17,13.85,21.25,6.66,52.47,1.28,0.0,20.57
2021-09-18,14.0,19.16,9.91,58.98,1.12,0.0,12.17
2021-09-19,11.74,15.03,8.15,87.64,1.01,1.91,7.41
2021-09-20,11.9,18.33,6.81,73.4,2.3,1.73,16.89
2021-09-21,13.16,20.75,5.26,55.65,3.0,0.0,20.94
2021-09-22,16.1,25.21,7.43,47.19,1.94,0.0,19.46
2021-09-23,15.54,23.82,8.19,58.74,1.94,0.45,18.55
2021-09-24,12.98,18.14,8.49,83.78,1.93,0.4,9.69
2021-09-25,13.55,19.55,8.26,77.76,2.51,0.04,14.95
2021-09-26,12.0,18.48,7.83,67.94,2.12,0.2,7.69
2021-09-27,12.8,21.28,4.5,47.41,2.07,0.0,18.3
2021-09-28,13.23,22.55,4.86,60.84,3.41,2.59,18.64
2021-09-29,12.5,21.85,3.71,39.61,2.84,0.0,19.71
2021-09-30,11.09,19.8,4.0,39.69,3.37,0.0,19.32
2021-10-01,10.39,19.62,1.58,42.2,3.04,0.0,18.31
2021-10-02,13.43,22.23,4.59,52.95,2.46,0.0,16.83
2021-10-03,10.5,16.82,4.75,39.11,4.65,0.35,11.57
2021-10-04,6.97,13.61,3.44,54.03,2.99,1.48,6.31
2021-10-05,5.32,9.34,0.75,76.55,2.64,0.46,7.8
2021-10-06,4.89,10.82,2.1,83.81,1.79,4.01,5.46
2021-10-07,6.83,13.72,1.09,72.99,1.42,0.12,11.16
2021-10-08,6.01,10.59,1.69,86.22,2.24,0.08,8.63
2021-10-09,5.47,10.82,-2.02,65.53,3.73,0.17,6.9
2021-10-10,1.6,9.56,-5.18,54.15,2.81,0.0,16.37
2021-10-11,3.4,11.26,-2.93,40.11,1.7,0.0,18.69
2021-10-12,6.16,14.54,-2.28,68.89,3.04,0.67,11.78
2021-10-13,7.69,12.41,5.25,86.82,2.71,6.73,7.16
2021-10-14,6.63,13.3,2.57,61.88,2.88,4.59,12.92
2021-10-15,-0.12,5.57,-5.89,52.2,4.34,1.23,17.19
2021-10-16,-3.07,3.68,-7.55,40.12,2.74,0.0,18.24
2021-10-17,0.86,8.64,-5.06,44.44,1.98,0.0,17.47
2021-10-18,1.49,8.89,-5.79,53.04,3.2,0.04,16.52
2021-10-19,0.42,7.18,-6.63,44.83,1.55,0.01,16.61
2021-10-20,1.53,8.47,-4.13,40.97,2.52,0.13,15.23
2021-10-21,0.36,7.66,-4.32,52.92,2.93,0.04,16.73
2021-10-22,1.87,8.4,-4.04,52.21,1.33,0.0,16.31
2021-10-23,3.23,10.09,-3.05,53.21,1.94,0.0,14.26
2021-10-24,4.87,12.67,-0.91,58.19,1.45,0.0,13.48
2021-10-25,4.03,11.5,-0.95,51.22,2.31,0.0,11.44
2021-10-26,2.65,10.01,-2.17,50.17,3.06,0.0,15.71
2021-10-27,4.27,10.6,-0.66,43.1,1.3,0.0,13.45
2021-10-28,4.0,9.82,-0.72,54.75,1.56,0.0,10.65
2021-10-29,3.08,10.29,-1.87,68.01,2.11,0.0,12.89
2021-10-30,0.77,6.86,-3.54,73.91,3.58,0.0,12.35
2021-10-31,0.47,6.9,-4.36,67.08,1.52,0.0,14.25
2021-11-01,1.16,7.91,-4.32,62.13,1.8,0.08,13.73
2021-11-02,1.29,8.9,-2.99,69.94,3.16,0.34,10.87
2021-11-03,1.09,9.17,-4.1,61.69,2.99,0.0,13.0
2021-11-04,2.32,10.12,-3.59,64.33,1.99,0.0,13.4
2021-11-05,4.18,8.96,-0.35,92.14,1.59,1.31,10.53
2021-11-06,-6.88,3.28,-10.42,69.5,7.6,6.08,3.52
2021-11-07,-10.56,-7.42,-14.79,61.77,4.96,0.68,10.43
2021-11-08,-9.29,-2.65,-15.43,71.09,5.14,0.0,9.4
2021-11-09,-5.66,-0.46,-11.32,70.52,6.57,0.0,6.82
2021-11-10,-3.79,2.53,-8.31,69.34,5.47,0.0,12.06
2021-11-11,-4.49,2.16,-9.36,70.77,4.45,0.0,11.99
2021-11-12,-3.65,4.65,-9.3,69.08,2.3,0.0,10.9
2021-11-13,-2.14,5.68,-7.42,57.05,2.02,0.0,10.98
2021-11-14,-2.53,4.98,-8.66,55.61,1.22,0.0,10.76
2021-11-15,-2.76,3.38,-7.89,55.84,1.39,0.0,10.71
2021-11-16,-2.71,3.8,-7.18,60.17,1.9,0.0,11.09
2021-11-17,-2.23,5.56,-7.34,58.9,2.51,0.0,11.33
2021-11-18,-2.45,5.12,-7.19,61.17,2.26,0.0,8.81
2021-11-19,-2.29,3.8,-6.28,59.1,1.99,0.0,8.42
2021-11-20,-2.81,2.39,-7.26,62.94,2.25,0.0,8.29
2021-11-21,-11.16,-7.0,-15.01,48.38,7.62,0.14,9.47
2021-11-22,-11.89,-5.03,-17.47,47.02,4.02,0.0,11.86
2021-11-23,-8.16,1.42,-13.36,46.65,2.42,0.0,10.94
2021-11-24,-5.7,3.94,-12.65,54.44,2.66,0.0,10.43
2021-11-25,-4.23,4.45,-8.48,54.85,1.98,0.0,10.6
2021-11-26,-4.02,2.68,-9.4,60.43,1.83,0.01,10.89
2021-11-27,-2.45,3.89,-7.99,78.06,3.06,0.03,9.08
2021-11-28,-2.0,5.3,-5.2,75.86,2.72,0.06,9.29
2021-11-29,-5.86,-1.99,-10.67,63.99,5.25,0.62,7.17
2021-11-30,-10.39,-4.79,-13.99,62.18,4.98,0.07,10.81
2021-12-01,-9.03,-0.97,-14.1,61.21,2.31,0.0,10.24
2021-12-02,-7.82,-0.74,-12.5,62.42,4.6,0.0,10.56
2021-12-03,-5.26,2.56,-11.42,47.62,2.35,0.0,10.61
2021-12-04,-5.38,1.98,-9.23,51.14,1.37,0.0,9.98
2021-12-05,-6.49,1.4,-12.33,63.96,3.13,0.0,9.77
2021-12-06,-5.43,2.09,-10.42,65.39,2.79,0.0,10.26
2021-12-07,-4.82,1.08,-10.11,62.64,1.52,0.04,6.82
2021-12-08,-3.37,-0.59,-4.77,91.86,3.61,0.47,2.68
2021-12-09,-5.35,0.6,-9.1,76.42,2.56,0.02,8.5
2021-12-10,-5.54,0.36,-9.84,73.86,1.76,0.0,7.68
2021-12-11,-9.09,-4.23,-14.77,67.84,4.37,0.0,8.71
2021-12-12,-13.27,-6.46,-18.34,59.02,2.56,0.0,9.3
2021-12-13,-12.82,-6.21,-17.7,83.65,2.57,0.0,9.35
2021-12-14,-10.84,-2.15,-16.45,72.06,2.11,0.0,9.12
2021-12-15,-9.22,-0.74,-14.71,76.82,3.18,0.0,9.07
2021-12-16,-13.79,-10.3,-17.95,66.81,4.54,0.02,8.53
2021-12-17,-16.37,-11.68,-21.66,57.44,4.15,0.0,9.77
2021-12-18,-13.2,-6.13,-18.4,74.4,3.72,0.0,9.58
2021-12-19,-10.19,-0.71,-16.3,76.16,2.78,0.0,9.3
2021-12-20,-7.67,0.85,-12.83,61.73,1.83,0.0,9.25
2021-12-21,-8.28,-1.43,-13.29,66.71,1.65,0.0,9.06
2021-12-22,-7.43,0.13,-12.51,65.1,2.29,0.0,9.46
2021-12-23,-10.71,-5.59,-17.49,71.92,4.34,0.0,7.89
2021-12-24,-18.74,-13.39,-23.02,58.7,3.87,0.0,9.59
2021-12-25,-21.26,-15.65,-24.58,60.93,4.03,0.0,9.34
2021-12-26,-17.97,-9.63,-23.87,59.9,3.91,0.0,9.64
2021-12-27,-13.58,-4.16,-19.5,46.87,1.9,0.0,9.53
2021-12-28,-13.05,-5.35,-17.08,51.9,2.59,0.0,8.34
2021-12-29,-13.4,-6.39,-18.55,75.56,4.27,0.0,9.15
2021-12-30,-11.84,-3.89,-17.47,61.82,2.68,0.0,9.2
2021-12-31,-12.55,-6.17,-17.07,66.91,2.09,0.0,9.08
2022-01-01,-13.71,-9.0,-16.91,71.79,3.38,0.0,9.68
2022-01-02,-13.01,-6.98,-18.68,65.97,1.92,0.0,7.75
2022-01-03,-11.05,-2.65,-17.32,59.18,2.15,0.0,9.31
2022-01-04,-9.84,-4.33,-14.95,58.09,0.96,0.0,9.1
2022-01-05,-8.0,-0.61,-13.02,48.9,1.12,0.0,8.93
2022-01-06,-7.68,-1.08,-13.67,69.69,1.54,0.0,7.06
2022-01-07,-7.14,-0.85,-12.06,87.98,1.81,0.0,5.89
2022-01-08,-7.29,0.46,-13.32,64.28,1.76,0.0,9.21
2022-01-09,-8.24,-2.19,-13.84,69.68,2.53,0.03,7.35
2022-01-10,-12.95,-7.87,-17.04,76.33,3.43,0.01,10.08
2022-01-11,-10.86,-2.6,-16.1,83.49,1.8,0.0,9.99
2022-01-12,-13.98,-10.75,-18.43,70.43,5.31,0.02,10.13
2022-01-13,-14.92,-8.48,-18.87,82.64,2.51,0.0,10.53
2022-01-14,-12.66,-5.97,-16.95,84.29,2.76,0.0,8.15
2022-01-15,-13.77,-8.71,-16.97,67.51,3.79,0.0,10.37
2022-01-16,-12.16,-4.75,-16.55,68.1,2.69,0.0,9.06
2022-01-17,-12.7,-3.27,-18.25,54.09,3.03,0.0,10.92
2022-01-18,-10.7,0.1,-16.8,69.15,1.92,0.0,10.88
2022-01-19,-8.75,-1.91,-14.22,75.92,1.53,0.0,11.02
2022-01-20,-7.54,-1.74,-12.82,89.23,3.2,0.01,8.82
2022-01-21,-7.07,-4.31,-8.74,94.81,2.8,0.85,2.79
2022-01-22,-6.69,-2.13,-10.17,84.64,0.89,0.29,3.49
2022-01-23,-7.5,-3.71,-11.43,88.94,1.27,0.11,4.34
2022-01-24,-7.39,-2.48,-12.37,83.27,1.83,0.15,4.88
2022-01-25,-11.65,-5.92,-15.7,73.35,2.73,0.03,8.91
2022-01-26,-11.86,-4.96,-16.14,59.1,2.6,0.0,8.78
2022-01-27,-13.14,-5.26,-18.42,59.62,2.35,0.0,10.02
2022-01-28,-11.22,-3.66,-17.42,58.32,1.77,0.0,9.53
2022-01-29,-10.29,-3.8,-15.38,66.63,1.51,0.0,10.11
2022-01-30,-12.56,-6.15,-16.52,68.73,3.99,0.16,10.05
2022-01-31,-15.91,-11.29,-19.61,72.41,4.97,0.15,11.75
2022-02-01,-14.71,-6.39,-20.76,65.2,1.94,0.0,13.44
2022-02-02,-14.06,-5.28,-20.22,63.18,2.63,0.0,12.91
2022-02-03,-15.14,-7.96,-19.45,69.71,3.79,0.0,13.09
2022-02-04,-15.55,-8.65,-20.96,72.96,4.37,0.0,13.85
2022-02-05,-13.5,-4.78,-19.76,65.47,3.66,0.0,13.68
2022-02-06,-11.51,-2.83,-17.6,60.9,2.24,0.0,13.42
2022-02-07,-10.29,-3.2,-14.69,48.72,1.62,0.0,11.73
2022-02-08,-9.31,-2.37,-15.15,50.33,2.27,0.0,13.53
2022-02-09,-9.66,-4.81,-13.64,77.38,2.18,0.0,9.75
2022-02-10,-9.0,-1.43,-15.27,67.36,2.74,0.0,13.49
2022-02-11,-7.04,-1.52,-11.75,59.82,1.84,0.21,9.42
2022-02-12,-8.84,-2.6,-12.33,68.08,3.04,0.1,13.44
2022-02-13,-12.23,-4.54,-20.41,73.05,5.45,3.97,10.39
2022-02-14,-15.74,-9.79,-21.95,65.49,2.48,0.04,14.71
2022-02-15,-14.96,-9.07,-19.59,71.58,3.01,0.01,14.43
2022-02-16,-12.95,-4.13,-21.67,61.99,1.88,0.0,15.08
2022-02-17,-8.74,-3.77,-12.4,85.88,3.17,0.54,8.87
2022-02-18,-14.03,-9.95,-20.63,57.6,5.01,0.2,13.02
2022-02-19,-16.42,-9.58,-21.8,60.76,3.59,0.01,15.38
2022-02-20,-15.34,-7.65,-21.05,60.97,4.1,0.0,16.13
2022-02-21,-15.39,-8.88,-20.01,72.01,3.48,0.0,15.25
2022-02-22,-13.29,-5.31,-21.24,60.81,2.35,0.0,17.92
2022-02-23,-9.45,-1.88,-15.58,48.75,1.44,0.0,16.54
2022-02-24,-6.89,0.67,-11.93,46.68,2.06,0.0,17.18
2022-02-25,-5.57,2.85,-10.84,47.14,3.53,0.0,16.82
2022-02-26,-6.58,1.57,-13.96,61.45,3.99,0.0,18.26
2022-02-27,-3.02,4.27,-10.08,46.28,1.99,0.0,17.55
2022-02-28,-4.59,1.41,-12.07,58.14,4.75,0.15,17.68
2022-03-01,-7.6,0.61,-15.12,53.07,3.32,0.0,19.18
2022-03-02,-4.67,4.52,-12.86,43.68,2.53,0.0,18.71
2022-03-03,-2.21,5.59,-10.64,37.52,4.59,0.0,17.52
2022-03-04,-6.18,-2.17,-10.35,42.06,6.79,0.02,19.73
2022-03-05,-5.66,3.01,-14.19,42.62,2.78,0.0,19.58
2022-03-06,-1.86,7.38,-10.04,46.68,4.17,0.0,15.8
2022-03-07,-0.77,6.79,-7.97,43.37,2.72,0.0,16.19
2022-03-08,3.39,12.81,-2.58,36.74,1.62,0.0,19.7
2022-03-09,4.23,14.6,-0.99,57.87,2.64,0.0,13.89
2022-03-10,4.6,15.13,-2.01,54.6,1.54,0.0,18.73
2022-03-11,7.37,17.25,0.87,59.65,5.07,2.73,15.41
2022-03-12,5.09,13.14,-2.85,55.66,2.32,2.46,18.89
2022-03-13,3.63,13.66,-3.81,49.16,3.92,0.16,13.75
2022-03-14,4.22,13.4,-4.78,41.07,4.1,0.0,19.91
2022-03-15,4.72,12.8,-3.25,42.17,5.19,0.0,19.9
2022-03-16,-0.28,5.68,-3.88,62.23,4.27,0.39,17.59
2022-03-17,-1.97,1.88,-4.02,86.51,3.5,8.6,7.27
2022-03-18,-3.54,1.16,-9.2,80.81,5.1,5.25,12.49
2022-03-19,-5.38,-0.04,-10.31,56.28,2.65,0.03,16.7
2022-03-20,-4.73,0.33,-8.25,56.66,4.29,0.0,20.05
2022-03-21,-3.99,2.56,-10.58,49.7,2.66,0.0,20.05
2022-03-22,-2.64,2.68,-6.59,75.86,2.66,2.54,7.47
2022-03-23,-0.92,6.42,-6.35,72.04,2.72,0.04,15.34
2022-03-24,1.43,9.99,-3.87,54.66,3.01,0.0,11.89
2022-03-25,-0.23,6.6,-5.35,33.28,3.29,0.0,17.64
2022-03-26,-2.29,5.4,-7.57,44.32,5.4,0.0,19.6
2022-03-27,-1.4,6.59,-8.1,42.05,3.23,0.0,24.38
2022-03-28,3.23,11.43,-5.41,53.95,4.62,0.0,18.38
2022-03-29,4.46,10.96,-1.24,63.73,2.87,0.0,15.69
2022-03-30,1.08,9.46,-4.78,59.63,3.68,0.0,23.97
2022-03-31,-0.15,6.19,-5.3,39.53,3.43,0.0,24.82
2022-04-01,0.93,9.08,-5.42,41.52,4.84,0.07,19.67
2022-04-02,1.47,9.57,-5.56,33.27,2.6,0.0,24.93
2022-04-03,3.97,12.89,-4.1,34.48,2.75,0.01,24.69
2022-04-04,6.78,16.8,-2.35,40.85,3.58,0.0,20.48
2022-04-05,7.43,15.68,-1.84,42.19,3.06,0.0,22.35
2022-04-06,6.81,13.72,0.91,41.14,3.74,0.01,24.46
2022-04-07,9.66,20.06,-0.75,36.44,3.19,0.0,25.0
2022-04-08,10.78,22.55,1.45,31.73,3.68,0.0,23.86
2022-04-09,12.86,23.19,2.99,36.35,3.58,0.0,20.16
2022-04-10,14.41,23.94,4.5,37.27,3.89,0.0,21.66
2022-04-11,4.2,10.21,-2.41,39.79,5.69,0.0,12.95
2022-04-12,3.35,11.03,-5.21,41.96,2.59,0.01,25.99
2022-04-13,2.66,9.7,-4.1,43.1,4.26,0.01,26.27
2022-04-14,1.83,9.18,-4.48,47.15,4.77,0.0,24.36
2022-04-15,3.43,12.15,-5.15,32.87,2.06,0.0,27.36
2022-04-16,5.92,14.02,-3.47,34.3,2.22,0.0,24.09
2022-04-17,3.79,6.73,1.23,70.06,2.57,2.84,9.45
2022-04-18,6.18,14.25,-1.62,43.55,3.67,0.14,27.16
2022-04-19,7.85,17.42,-1.42,33.05,3.59,0.5,27.51
2022-04-20,9.7,19.97,-1.52,32.27,5.41,0.0,21.51
2022-04-21,5.19,12.21,-1.82,55.21,5.15,0.0,24.99
2022-04-22,7.17,17.71,-2.45,48.61,3.53,0.0,27.98
2022-04-23,11.78,23.23,-0.43,37.56,4.54,0.0,25.21
2022-04-24,13.4,23.58,3.98,34.95,3.49,0.0,27.32
2022-04-25,13.24,25.8,1.79,29.64,6.15,0.0,24.63
2022-04-26,1.81,7.66,-3.77,27.19,6.13,0.23,27.32
2022-04-27,2.32,7.86,-1.81,66.51,2.04,5.48,8.33
2022-04-28,6.2,13.69,-2.34,60.87,2.14,0.2,24.79
2022-04-29,5.4,11.78,-2.07,47.36,4.52,0.02,19.64
2022-04-30,4.27,12.53,-4.55,27.38,4.2,0.0,30.17
2022-05-01,8.83,16.82,-0.42,38.83,4.9,0.06,24.39
2022-05-02,13.42,21.71,5.88,33.06,2.28,0.0,26.75
2022-05-03,14.32,23.6,3.93,21.87,4.43,0.0,30.03
2022-05-04,15.03,25.97,4.49,32.01,4.02,0.0,24.61
2022-05-05,12.49,22.61,5.91,50.72,5.44,0.31,20.24
2022-05-06,8.89,17.31,1.84,39.12,5.67,0.01,27.53
2022-05-07,5.67,11.6,0.86,58.56,4.45,1.64,11.22
2022-05-08,10.68,18.89,1.43,48.87,2.0,0.06,19.65
2022-05-09,11.76,19.51,2.97,50.7,3.45,0.41,26.51
2022-05-10,8.09,14.18,1.05,58.0,4.22,3.26,17.68
2022-05-11,5.69,13.02,-0.45,32.77,3.36,0.02,17.28
2022-05-12,6.03,12.16,0.23,26.83,3.86,0.0,23.44
2022-05-13,5.31,12.79,-3.26,36.98,4.77,0.0,30.53
2022-05-14,7.67,14.03,-1.05,36.54,2.52,0.0,25.72
2022-05-15,9.56,16.74,1.04,31.55,3.23,0.0,25.67
2022-05-16,12.78,22.05,1.94,26.54,3.39,0.0,28.16
2022-05-17,14.42,23.76,6.21,26.83,4.2,0.0,29.42
2022-05-18,15.45,23.34,6.77,30.32,1.93,0.0,22.64
2022-05-19,16.31,23.27,8.8,41.84,2.15,0.0,20.39
2022-05-20,18.77,26.2,9.6,29.85,1.62,0.0,27.04
2022-05-21,18.32,25.64,12.63,33.75,0.99,0.0,20.74
2022-05-22,18.32,24.4,12.92,38.51,1.19,0.06,18.56
2022-05-23,17.52,24.56,9.94,49.39,1.42,0.02,22.27
2022-05-24,17.93,28.92,8.57,39.28,4.93,0.0,27.14
2022-05-25,13.11,20.48,4.79,34.65,4.59,0.0,27.38
2022-05-26,15.03,22.34,5.92,26.64,2.91,0.0,29.0
2022-05-27,18.48,27.61,7.42,27.94,4.06,0.01,24.11
2022-05-28,20.37,30.9,11.15,44.48,4.55,0.67,26.66
2022-05-29,10.05,15.12,4.03,42.66,6.58,1.79,29.26
2022-05-30,13.15,21.06,3.0,27.28,4.54,0.31,32.43
2022-05-31,14.07,20.77,7.35,36.61,3.87,0.0,26.81
2022-06-01,18.28,27.61,6.26,25.42,1.66,0.0,31.8
2022-06-02,19.84,29.0,9.41,42.63,3.06,0.0,23.79
2022-06-03,17.24,23.34,11.65,71.56,2.85,5.89,13.18
2022-06-04,16.18,24.78,8.5,44.76,3.81,0.01,31.28
2022-06-05,15.05,22.67,5.96,33.79,6.05,2.67,32.91
2022-06-06,14.87,23.07,6.32,47.03,3.67,0.02,25.84
2022-06-07,17.84,29.16,7.71,30.74,3.92,0.0,30.29
2022-06-08,17.18,24.93,8.17,35.97,2.75,0.0,26.99
2022-06-09,18.57,27.65,8.95,33.3,3.9,0.0,30.99
2022-06-10,20.3,29.37,10.09,34.28,3.59,0.15,26.0
2022-06-11,16.87,22.46,9.46,42.41,5.1,1.52,16.55
2022-06-12,15.15,22.31,7.55,46.89,4.74,0.1,26.97
2022-06-13,14.7,20.07,8.04,54.12,4.38,0.23,20.52
2022-06-14,16.84,24.2,8.96,49.91,3.47,0.0,29.56
2022-06-15,19.42,28.52,11.46,43.31,2.36,0.0,25.04
2022-06-16,22.95,32.02,12.15,37.69,2.77,0.0,29.44
2022-06-17,23.79,34.08,14.69,36.25,3.23,0.0,22.11
2022-06-18,25.02,33.44,15.95,37.78,1.68,0.23,26.23
2022-06-19,25.18,32.9,15.7,36.07,3.17,0.0,28.79
2022-06-20,25.61,31.45,19.44,39.33,2.66,0.86,21.62
2022-06-21,19.51,22.32,16.88,67.69,2.21,6.7,5.71
2022-06-22,20.58,27.83,14.79,62.1,2.4,7.03,19.11
2022-06-23,21.93,31.7,14.09,41.95,4.05,0.0,30.56
2022-06-24,23.23,32.38,12.06,31.3,3.38,0.0,31.63
2022-06-25,24.85,31.88,15.91,34.28,2.61,0.0,19.65
2022-06-26,19.8,23.74,15.95,63.94,1.54,6.62,10.26
2022-06-27,18.71,25.35,13.5,66.78,2.18,6.66,15.0
2022-06-28,16.35,21.08,12.36,76.43,2.57,12.26,14.5
2022-06-29,17.42,23.17,11.43,65.42,2.75,1.51,18.59
2022-06-30,20.0,28.39,11.42,56.27,2.1,0.1,25.71
2022-07-01,22.62,30.97,13.34,48.6,1.13,0.0,29.27
2022-07-02,19.31,24.43,14.3,77.13,2.46,3.1,16.98
2022-07-03,18.38,23.07,14.43,78.8,3.29,7.15,17.86
2022-07-04,22.37,30.22,12.88,60.23,2.73,1.89,26.81
2022-07-05,18.04,20.93,12.45,66.36,1.53,8.25,12.43
2022-07-06,21.46,30.56,11.01,45.54,1.85,0.0,30.89
2022-07-07,23.96,33.21,13.75,41.37,3.46,0.36,26.65
2022-07-08,23.18,31.48,16.48,41.71,3.17,0.59,28.87
2022-07-09,18.72,26.08,12.32,49.33,1.89,0.31,11.48
2022-07-10,21.11,30.32,9.91,47.92,1.61,0.07,29.01
2022-07-11,17.68,21.52,14.1,67.92,3.51,1.15,8.38
2022-07-12,20.99,29.76,14.69,65.22,1.72,0.72,17.54
2022-07-13,22.2,30.24,14.41,45.46,2.97,0.01,27.8
2022-07-14,22.73,30.76,14.98,41.02,1.75,0.0,26.24
2022-07-15,24.19,31.87,16.13,37.04,1.59,0.0,20.04
2022-07-16,23.27,31.73,16.83,41.54,3.66,0.01,27.76
2022-07-17,20.38,27.5,14.09,44.11,4.63,0.0,30.14
2022-07-18,22.67,31.17,13.5,35.67,2.6,0.0,26.58
2022-07-19,22.51,30.71,15.81,40.14,1.77,0.0,16.01
2022-07-20,22.83,29.81,15.37,46.05,2.76,0.07,25.34
2022-07-21,25.01,33.31,15.61,41.99,1.86,0.0,28.12
2022-07-22,18.97,23.52,12.54,59.45,1.93,4.6,13.82
2022-07-23,20.72,29.26,10.89,45.83,2.89,0.09,28.4
2022-07-24,22.1,32.73,13.56,54.58,3.88,1.26,23.37
2022-07-25,22.16,28.76,15.38,59.12,2.89,1.44,27.09
2022-07-26,20.32,25.72,16.38,73.31,2.82,6.07,13.72
2022-07-27,18.33,21.99,15.34,75.53,2.16,4.37,15.44
2022-07-28,21.35,29.69,12.73,49.37,1.75,0.14,28.83
2022-07-29,22.5,29.85,15.73,49.04,2.76,0.41,21.78
2022-07-30,20.57,27.57,14.32,68.99,3.12,0.66,20.01
2022-07-31,22.97,30.56,16.48,62.36,2.63,0.02,25.59
2022-08-01,24.93,32.5,16.87,54.78,2.89,0.2,23.9
2022-08-02,24.49,30.69,18.29,62.78,2.92,1.19,21.21
2022-08-03,24.2,30.6,19.87,62.0,2.58,0.52,20.4
2022-08-04,22.93,29.85,17.28,72.04,2.93,9.72,15.31
2022-08-05,24.86,33.75,15.1,42.67,1.32,0.0,28.1
2022-08-06,23.47,30.03,18.31,67.41,2.12,4.69,17.29
2022-08-07,24.55,32.15,18.07,55.61,3.22,1.28,22.74
2022-08-08,21.89,28.25,16.46,58.74,2.27,10.96,5.43
2022-08-09,21.46,28.46,15.41,68.35,1.93,2.36,21.15
2022-08-10,22.17,30.65,14.06,59.12,1.35,0.25,21.74
2022-08-11,25.33,33.39,15.84,46.33,1.05,0.0,26.73
2022-08-12,24.52,32.24,18.02,60.62,1.64,0.07,19.87
2022-08-13,23.06,28.44,17.24,69.9,2.42,7.63,17.75
2022-08-14,23.88,31.13,16.89,63.01,4.02,20.51,19.78
2022-08-15,20.43,27.36,14.2,50.19,3.84,0.01,26.89
2022-08-16,20.59,28.21,11.72,52.92,2.07,0.0,25.72
2022-08-17,20.21,26.25,14.11,77.66,2.49,1.15,14.26
2022-08-18,21.32,28.13,17.15,71.42,3.48,23.74,13.24
2022-08-19,19.64,27.43,12.57,45.27,3.02,0.12,23.72
2022-08-20,20.09,27.45,11.02,53.55,3.09,0.04,24.32
2022-08-21,19.26,24.05,14.41,84.39,3.5,25.55,7.01
2022-08-22,15.97,22.21,10.72,45.18,5.28,0.0,24.58
2022-08-23,13.14,17.46,8.39,65.4,2.13,4.29,5.09
2022-08-24,15.94,24.12,9.94,60.96,2.58,0.49,22.67
2022-08-25,15.88,23.68,6.85,46.31,3.1,0.0,26.38
2022-08-26,11.88,16.33,6.28,44.93,3.5,0.0,19.69
2022-08-27,11.59,18.76,3.25,46.13,1.7,0.0,18.11
2022-08-28,11.03,16.74,7.79,86.06,2.4,8.51,4.36
2022-08-29,14.45,21.8,6.43,59.69,2.02,0.05,17.37
2022-08-30,15.28,24.45,8.41,53.51,2.43,2.1,23.87
2022-08-31,14.64,23.71,6.07,48.33,2.64,0.0,26.05
2022-09-01,15.29,23.55,7.24,48.45,1.77,0.0,24.99
2022-09-02,15.55,22.81,7.75,68.01,2.24,0.35,18.37
2022-09-03,14.84,19.66,9.49,73.95,2.3,9.6,16.35
2022-09-04,14.36,24.51,6.83,58.4,3.98,0.82,23.11
2022-09-05,10.73,19.47,2.03,40.81,3.63,0.0,23.86
2022-09-06,11.65,20.62,3.21,37.19,3.79,0.0,25.13
2022-09-07,16.21,24.58,8.12,41.84,1.77,0.0,24.35
2022-09-08,17.85,25.81,10.67,42.22,1.53,0.0,23.79
2022-09-09,18.07,26.15,11.34,50.5,1.76,0.0,18.71
2022-09-10,16.53,23.81,10.12,59.86,1.76,0.0,21.0
2022-09-11,16.8,25.11,9.86,56.73,1.68,0.0,22.83
2022-09-12,19.0,28.3,10.65,49.1,1.06,0.02,21.96
2022-09-13,18.65,26.14,10.86,48.33,2.14,0.17,22.47
2022-09-14,16.27,24.52,9.36,63.39,1.91,0.0,20.99
2022-09-15,16.55,23.41,9.94,55.35,1.29,0.0,20.66
2022-09-16,16.14,22.21,11.64,57.81,1.66,0.01,16.61
2022-09-17,15.96,25.04,9.2,47.54,2.69,0.01,21.66
2022-09-18,14.38,23.59,6.84,35.75,2.97,0.0,21.21
2022-09-19,9.75,13.78,4.16,47.34,2.42,0.34,4.1
2022-09-20,9.62,18.33,1.62,49.46,1.83,0.0,20.68
2022-09-21,10.35,17.29,3.17,62.71,3.05,0.75,16.44
2022-09-22,5.59,11.52,-1.57,45.83,6.2,0.0,21.73
2022-09-23,6.71,16.7,-3.16,35.5,2.55,0.0,22.72
2022-09-24,8.85,18.07,1.01,45.53,2.49,0.0,21.41
2022-09-25,12.37,22.55,4.53,48.81,1.85,0.0,20.73
2022-09-26,14.22,22.87,6.43,50.98,1.68,0.0,19.75
2022-09-27,14.9,21.86,8.5,56.78,2.07,0.0,18.16
2022-09-28,14.41,23.17,7.24,63.23,2.22,0.02,18.77
2022-09-29,14.56,24.05,6.5,60.48,2.86,0.0,18.16
2022-09-30,15.36,24.33,7.2,60.86,1.96,0.0,18.78
2022-10-01,15.91,22.79,10.81,71.1,2.77,0.0,17.82
2022-10-02,14.94,22.12,9.14,74.32,3.06,2.05,13.76
2022-10-03,3.34,8.19,-3.11,61.24,6.36,4.0,12.6
2022-10-04,-0.39,7.37,-7.08,41.06,1.87,0.0,20.23
2022-10-05,1.43,7.38,-4.2,37.72,1.43,0.0,15.28
2022-10-06,4.05,11.69,-3.07,36.42,2.18,0.0,17.73
2022-10-07,5.71,13.49,-2.13,53.94,3.03,0.34,17.97
2022-10-08,1.51,9.24,-4.12,63.32,5.51,0.45,14.86
2022-10-09,-2.28,2.4,-5.46,56.5,5.72,0.46,11.32
2022-10-10,2.29,11.86,-5.59,33.76,1.91,0.0,19.06
2022-10-11,3.9,12.59,-2.55,36.72,1.92,0.0,18.53
2022-10-12,4.97,12.65,-1.01,53.23,1.68,0.0,12.37
2022-10-13,8.3,16.48,0.51,41.93,1.89,0.0,14.14
2022-10-14,7.77,16.01,0.82,49.74,2.53,0.0,16.77
2022-10-15,6.83,15.88,-0.81,43.98,3.39,0.0,15.92
2022-10-16,-0.03,6.5,-5.21,36.08,3.98,0.0,17.35
2022-10-17,-0.29,7.6,-6.42,38.43,2.49,0.0,17.93
2022-10-18,2.01,10.55,-3.82,34.55,1.86,0.0,16.86
2022-10-19,5.43,14.71,-2.25,59.69,2.75,0.0,15.97
2022-10-20,6.0,9.54,2.35,90.56,2.86,0.0,7.53
2022-10-21,6.88,16.66,-0.45,52.9,3.26,0.0,14.94
2022-10-22,3.51,12.75,-3.58,48.54,3.27,0.0,15.93
2022-10-23,5.44,14.3,-3.06,38.02,2.15,0.0,15.81
2022-10-24,5.89,14.53,-0.75,46.78,2.08,0.0,15.18
2022-10-25,6.61,13.63,-0.02,81.5,2.36,0.23,9.56
2022-10-26,3.61,10.63,-1.92,55.24,4.07,0.03,13.89
2022-10-27,4.47,11.43,-3.13,73.17,2.08,0.11,10.08
2022-10-28,6.72,12.46,2.23,75.81,2.1,0.11,12.71
2022-10-29,5.12,7.77,3.28,90.83,3.27,6.91,2.57
2022-10-30,4.96,12.04,-3.66,63.19,3.59,0.56,9.71
2022-10-31,-0.45,6.94,-6.23,43.43,2.28,0.0,14.89
2022-11-01,2.85,9.79,-4.33,58.56,2.02,0.0,9.5
2022-11-02,0.54,5.72,-4.44,53.19,2.76,0.0,7.11
2022-11-03,-1.89,5.12,-5.48,42.82,2.46,0.0,13.77
2022-11-04,-0.9,5.72,-5.48,40.27,1.44,0.0,13.46
2022-11-05,0.61,6.47,-4.33,49.47,1.69,0.0,13.21
2022-11-06,1.19,8.03,-4.2,53.33,2.36,0.04,8.68
2022-11-07,-0.14,6.8,-5.35,40.31,1.66,0.0,13.9
2022-11-08,1.71,8.05,-3.99,53.21,1.78,0.0,9.98
2022-11-09,2.95,5.15,0.25,97.57,1.26,6.65,1.82
2022-11-10,5.26,11.28,2.56,87.13,1.82,1.48,7.45
2022-11-11,2.47,8.12,-3.76,88.75,3.37,8.08,1.49
2022-11-12,-4.21,0.73,-7.68,65.27,4.76,0.26,9.67
2022-11-13,-3.56,2.59,-7.5,61.71,2.56,0.02,11.65
2022-11-14,-2.54,4.12,-6.87,56.71,3.03,0.01,11.89
2022-11-15,-1.66,5.15,-6.72,50.21,2.16,0.0,12.12
2022-11-16,-1.27,5.19,-4.89,56.72,2.09,0.0,10.77
2022-11-17,-0.01,7.52,-5.37,54.93,1.25,0.0,11.45
2022-11-18,0.17,2.5,-3.72,83.6,3.06,1.6,2.48
2022-11-19,-1.53,4.36,-6.26,66.04,2.08,0.0,10.45
2022-11-20,-1.33,3.14,-5.32,66.39,1.92,0.0,7.46
2022-11-21,-3.56,2.2,-9.07,57.59,1.66,0.0,10.07
2022-11-22,-1.94,3.43,-6.83,65.01,2.22,0.0,10.31
2022-11-23,-2.28,4.38,-7.04,77.49,2.2,0.0,9.35
2022-11-24,-1.14,5.27,-5.24,69.36,3.76,0.0,6.79
2022-11-25,-8.19,-3.24,-14.54,42.56,5.26,0.0,10.77
2022-11-26,-7.41,-1.78,-14.58,53.81,2.97,0.0,9.74
2022-11-27,-2.83,1.57,-6.15,76.89,1.56,0.0,4.76
2022-11-28,-9.71,-3.97,-18.28,48.79,5.67,0.03,8.19
2022-11-29,-20.65,-18.41,-23.02,37.48,7.3,0.0,10.33
2022-11-30,-19.5,-13.83,-23.86,45.13,3.37,0.0,11.16
2022-12-01,-17.02,-9.71,-22.22,49.55,2.59,0.0,10.66
2022-12-02,-14.17,-6.74,-18.25,57.59,3.1,0.0,8.66
2022-12-03,-15.01,-8.92,-19.66,52.19,2.79,0.0,10.46
2022-12-04,-12.84,-5.58,-16.9,45.74,2.07,0.0,9.35
2022-12-05,-12.8,-5.42,-18.5,49.05,2.41,0.0,9.14
2022-12-06,-10.71,-2.98,-16.67,45.56,2.63,0.0,9.88
2022-12-07,-8.1,-2.0,-12.17,48.32,1.25,0.02,8.57
2022-12-08,-8.06,-1.32,-13.0,72.86,1.98,0.01,9.55
2022-12-09,-9.21,-2.66,-14.72,77.56,3.82,0.04,5.96
2022-12-10,-12.77,-6.47,-17.68,59.45,3.34,0.0,8.94
2022-12-11,-13.12,-8.36,-17.73,69.02,3.99,0.0,6.54
2022-12-12,-13.66,-9.36,-17.52,56.75,5.2,0.0,7.32
2022-12-13,-19.16,-15.74,-21.82,45.79,6.42,0.0,10.12
2022-12-14,-15.91,-7.39,-21.78,68.52,3.41,0.02,5.89
2022-12-15,-17.67,-12.13,-21.04,55.74,3.61,0.0,8.26
2022-12-16,-20.73,-15.19,-23.59,62.22,5.5,0.0,6.86
2022-12-17,-19.06,-14.43,-24.55,60.17,6.16,0.02,7.15
2022-12-18,-14.48,-6.67,-19.61,67.04,2.86,0.0,9.54
2022-12-19,-12.96,-6.29,-17.55,61.05,1.63,0.0,9.0
2022-12-20,-15.16,-8.76,-19.43,73.77,4.13,0.01,5.99
2022-12-21,-16.31,-12.53,-20.58,67.79,6.09,0.11,7.25
2022-12-22,-16.37,-8.94,-22.02,63.45,3.64,0.0,9.69
2022-12-23,-11.96,-3.28,-17.1,72.42,2.56,0.0,9.24
2022-12-24,-9.26,-2.69,-15.33,57.07,1.03,0.0,9.54
2022-12-25,-10.68,-6.36,-16.62,56.64,2.17,0.0,7.48
2022-12-26,-14.78,-8.03,-18.88,64.58,2.46,0.0,7.92
2022-12-27,-16.58,-9.57,-21.65,71.02,3.48,0.0,9.28
2022-12-28,-15.64,-8.35,-19.43,65.88,2.37,0.0,8.61
2022-12-29,-14.67,-6.77,-20.65,61.32,2.21,0.0,9.88
2022-12-30,-14.62,-7.6,-18.63,73.62,1.77,0.0,8.61
2022-12-31,-11.14,-2.39,-16.82,61.25,1.72,0.0,8.61
2023-01-01,-11.66,-4.39,-15.71,70.54,2.12,0.0,7.77
2023-01-02,-12.13,-4.13,-17.48,76.71,1.87,0.0,9.11
2023-01-03,-11.33,-4.74,-15.01,76.5,1.49,0.02,8.9
2023-01-04,-11.67,-5.39,-16.04,78.31,2.2,0.0,9.62
2023-01-05,-10.06,-3.5,-15.1,74.32,2.1,0.0,8.71
2023-01-06,-10.79,-3.61,-16.09,64.52,3.24,0.0,9.81
2023-01-07,-6.95,-1.15,-11.29,62.45,1.75,0.0,9.28
2023-01-08,-4.58,3.24,-10.35,66.11,2.3,0.0,10.02
2023-01-09,-4.23,3.21,-9.16,67.64,1.44,0.0,9.77
2023-01-10,-5.97,-0.65,-10.75,85.49,1.7,0.0,9.14
2023-01-11,-3.99,0.4,-6.6,89.17,2.08,0.0,4.62
2023-01-12,-2.96,0.52,-5.15,96.37,1.59,0.61,4.32
2023-01-13,-11.35,-5.01,-17.61,68.94,7.83,1.91,2.06
2023-01-14,-17.38,-13.06,-20.65,57.82,4.63,0.05,7.46
2023-01-15,-18.19,-11.39,-22.86,54.73,3.0,0.0,7.88
2023-01-16,-17.36,-9.56,-23.32,67.59,3.15,0.0,8.03
2023-01-17,-16.0,-8.63,-20.97,71.74,2.72,0.0,8.33
2023-01-18,-15.56,-7.7,-20.86,79.65,4.0,0.0,8.51
2023-01-19,-18.03,-13.82,-23.25,66.81,4.35,0.0,7.98
2023-01-20,-18.12,-11.27,-24.08,64.71,2.93,0.0,9.3
2023-01-21,-13.78,-5.99,-19.79,75.56,2.48,0.0,8.41
2023-01-22,-14.25,-7.98,-18.57,72.33,2.89,0.11,8.07
2023-01-23,-23.22,-18.88,-28.67,59.1,6.2,0.05,9.39
2023-01-24,-23.98,-17.14,-29.89,56.06,3.64,0.0,10.75
2023-01-25,-19.18,-9.36,-25.68,66.99,2.62,0.0,10.67
2023-01-26,-17.17,-10.71,-22.29,64.27,4.3,0.0,11.55
2023-01-27,-16.56,-9.18,-22.94,59.12,4.47,0.0,11.79
2023-01-28,-13.1,-3.88,-19.59,52.1,3.93,0.0,12.29
2023-01-29,-9.49,0.67,-16.46,58.63,2.67,0.0,12.13
2023-01-30,-8.88,1.83,-16.5,57.41,2.52,0.0,12.01
2023-01-31,-9.31,-1.56,-15.1,52.54,5.33,0.0,12.18
2023-02-01,-12.96,-6.74,-17.72,47.5,3.04,0.0,12.71
2023-02-02,-10.28,-4.56,-14.44,44.0,1.22,0.0,8.45
2023-02-03,-8.94,-2.46,-13.66,52.53,2.61,0.0,12.15
2023-02-04,-9.33,-2.24,-14.8,61.93,2.3,0.0,13.6
2023-02-05,-6.18,2.72,-11.77,63.14,2.19,0.0,12.4
2023-02-06,-5.91,0.99,-12.27,54.02,1.8,0.0,12.45
2023-02-07,-5.79,1.1,-11.25,61.85,2.87,0.0,13.8
2023-02-08,-5.94,0.97,-13.41,69.7,2.19,0.4,12.46
2023-02-09,-5.66,-1.74,-10.85,84.08,2.97,3.88,6.73
2023-02-10,-6.93,-0.5,-10.98,92.47,3.24,0.6,8.25
2023-02-11,-5.28,0.88,-10.14,84.68,1.64,0.15,8.04
2023-02-12,-8.08,-3.65,-15.05,69.85,6.13,0.51,9.38
2023-02-13,-11.31,-3.74,-17.11,59.11,4.0,0.0,12.31
2023-02-14,-8.75,-4.16,-13.65,53.54,1.62,0.0,10.25
2023-02-15,-7.46,-2.67,-10.89,63.65,2.13,0.0,13.46
2023-02-16,-7.11,-0.96,-12.46,74.61,2.15,0.0,13.02
2023-02-17,-5.41,0.82,-10.4,67.92,1.06,0.12,8.72
2023-02-18,-9.38,-6.94,-15.27,64.46,5.05,3.47,12.32
2023-02-19,-9.83,-0.62,-16.59,61.77,3.83,0.0,16.6
2023-02-20,-7.7,0.29,-14.68,60.64,2.43,0.0,16.19
2023-02-21,-4.85,1.09,-10.04,76.21,3.76,0.01,11.52
2023-02-22,-3.01,4.43,-8.53,72.1,1.88,0.01,12.25
2023-02-23,-2.38,4.28,-8.34,50.59,2.82,0.0,11.4
2023-02-24,-7.05,-0.46,-11.86,42.57,3.38,0.0,17.44
2023-02-25,-5.77,1.51,-12.56,37.97,1.62,0.0,17.67
2023-02-26,-2.63,4.29,-9.85,83.26,3.33,0.0,13.49
2023-02-27,-0.35,6.01,-3.56,77.47,4.38,0.0,12.91
2023-02-28,-4.03,1.2,-8.35,51.09,4.87,0.0,18.08
2023-03-01,-5.45,1.04,-11.86,44.33,3.39,0.0,18.88
2023-03-02,-2.43,7.04,-10.37,40.55,2.91,0.0,18.45
2023-03-03,-0.48,8.32,-8.1,31.6,2.95,0.0,18.69
2023-03-04,1.72,9.15,-2.83,27.71,1.83,0.0,18.33
2023-03-05,1.39,10.3,-4.25,37.05,2.6,0.0,17.69
2023-03-06,3.03,11.62,-1.85,34.4,2.67,0.0,18.91
2023-03-07,3.32,13.38,-2.7,41.87,3.65,0.0,18.18
2023-03-08,2.77,12.49,-3.46,42.72,3.96,0.0,17.05
2023-03-09,5.06,16.65,-2.93,34.57,3.78,0.0,17.21
2023-03-10,1.92,8.15,-3.11,37.01,4.98,0.0,16.57
2023-03-11,-2.81,5.65,-10.12,30.72,6.16,0.14,15.1
2023-03-12,-3.54,4.38,-10.18,24.11,5.7,0.0,21.39
2023-03-13,1.25,10.88,-6.56,32.83,3.65,0.0,18.41
2023-03-14,-2.7,1.25,-7.76,33.14,7.29,0.0,19.16
2023-03-15,-4.85,1.33,-10.89,32.59,4.21,0.0,20.84
2023-03-16,-0.94,6.09,-9.47,45.24,2.58,0.0,18.76
2023-03-17,-3.2,1.76,-7.07,43.82,3.71,0.0,20.81
2023-03-18,-0.9,6.11,-7.66,24.73,1.94,0.0,20.56
2023-03-19,1.84,8.95,-4.23,37.31,1.73,0.0,19.99
2023-03-20,3.64,12.05,-2.57,51.03,1.93,0.0,20.69
2023-03-21,3.05,11.49,-5.6,52.76,3.78,0.29,12.48
2023-03-22,-2.71,5.0,-8.05,26.16,4.64,0.01,20.91
2023-03-23,-3.56,2.57,-7.27,23.54,4.1,0.0,19.01
2023-03-24,-3.15,1.49,-8.16,44.4,3.01,1.23,5.89
2023-03-25,-2.93,4.19,-8.7,26.0,2.95,0.0,23.81
2023-03-26,0.18,8.67,-5.96,29.89,3.12,0.76,22.13
2023-03-27,3.42,12.2,-4.12,31.1,2.51,0.0,23.57
2023-03-28,5.02,13.01,-1.84,29.5,2.16,0.0,17.92
2023-03-29,8.24,16.3,0.79,21.15,1.57,0.0,23.95
2023-03-30,9.01,16.75,0.83,23.05,2.02,0.0,22.05
2023-03-31,5.9,13.69,0.37,61.79,3.29,0.0,15.86
2023-04-01,7.55,16.5,-1.21,66.52,4.36,0.03,20.09
2023-04-02,3.57,8.38,-1.27,86.65,6.05,25.24,3.71
2023-04-03,-0.28,3.22,-2.42,81.95,6.73,12.01,5.27
2023-04-04,-0.48,4.03,-5.46,83.4,3.62,2.48,8.74
2023-04-05,0.08,5.53,-5.1,71.78,2.24,2.39,12.16
2023-04-06,-1.99,3.89,-7.95,54.11,4.44,1.15,20.33
2023-04-07,-2.4,3.83,-7.9,34.47,4.06,0.03,26.08
2023-04-08,1.81,9.63,-5.19,42.81,3.64,0.0,25.06
2023-04-09,5.91,15.3,-0.86,41.32,4.5,0.0,17.58
2023-04-10,3.86,11.42,-3.67,39.38,6.7,0.05,18.35
2023-04-11,-0.24,7.33,-7.21,27.0,4.48,0.0,27.55
2023-04-12,5.4,15.94,-4.26,38.96,3.11,0.0,19.19
2023-04-13,8.32,16.66,1.07,36.44,4.8,0.0,21.45
2023-04-14,2.04,9.17,-4.76,32.66,5.41,0.0,27.02
2023-04-15,3.97,9.94,-1.5,27.18,3.22,0.13,23.53
2023-04-16,9.72,20.14,-0.34,33.1,3.11,0.01,24.69
2023-04-17,12.1,21.7,3.31,52.95,4.16,0.0,18.0
2023-04-18,10.72,20.09,-0.16,44.4,2.8,0.0,26.42
2023-04-19,11.89,25.18,3.26,50.43,6.84,0.13,20.16
2023-04-20,4.93,11.87,-1.15,39.79,3.21,2.91,10.38
2023-04-21,3.63,9.64,-2.19,69.4,2.5,1.6,15.97
2023-04-22,7.14,14.54,0.27,46.67,2.42,0.86,25.51
2023-04-23,6.33,13.03,-0.8,50.08,3.27,0.0,17.84
2023-04-24,2.98,8.55,-2.71,72.59,3.18,0.14,13.74
2023-04-25,2.71,8.49,-2.43,50.91,4.17,0.02,27.85
2023-04-26,7.64,17.13,-2.6,42.75,4.28,0.0,19.22
2023-04-27,8.38,14.9,2.83,42.11,2.68,0.17,13.67
2023-04-28,2.46,9.35,-2.57,49.59,4.88,2.4,10.39
2023-04-29,4.88,13.79,-4.02,39.41,4.56,0.0,22.41
2023-04-30,9.45,18.5,-1.4,40.89,3.02,0.0,27.9
2023-05-01,11.27,20.41,1.55,55.94,5.15,0.31,19.22
2023-05-02,13.18,23.1,2.54,56.36,3.28,0.01,25.46
2023-05-03,16.49,25.07,7.59,58.9,4.5,0.18,25.66
2023-05-04,12.47,18.9,4.46,75.91,3.97,10.0,4.72
2023-05-05,8.04,15.23,1.36,62.11,7.04,1.83,18.97
2023-05-06,6.91,11.77,2.24,46.93,4.45,0.01,14.19
2023-05-07,10.06,18.76,0.77,34.05,2.79,0.19,27.39
2023-05-08,12.94,19.95,3.09,31.1,1.65,0.0,25.65
2023-05-09,11.93,18.29,6.86,57.71,1.89,0.0,14.06
2023-05-10,11.5,17.97,5.51,62.08,1.67,0.18,20.59
2023-05-11,11.71,18.79,6.31,51.22,3.65,1.06,22.72
2023-05-12,10.43,16.74,5.08,50.2,4.34,0.28,27.22
2023-05-13,13.52,21.71,4.14,41.36,2.78,0.0,26.28
2023-05-14,18.01,26.25,10.07,26.76,3.12,0.0,26.62
2023-05-15,18.64,28.25,8.42,28.4,4.11,0.0,29.12
2023-05-16,16.5,24.48,9.35,47.32,2.57,0.57,18.63
2023-05-17,12.99,19.76,6.84,35.92,4.55,0.0,28.33
2023-05-18,14.1,22.3,4.58,43.66,3.2,0.52,26.28
2023-05-19,10.57,16.56,3.13,39.4,4.64,0.0,24.39
2023-05-20,5.7,11.14,-0.64,24.91,5.44,0.0,21.03
2023-05-21,6.81,14.15,-0.21,39.75,4.46,0.0,24.17
2023-05-22,10.96,19.14,0.88,45.06,2.18,0.0,31.02
2023-05-23,13.24,20.92,4.75,38.56,3.45,0.0,22.79
2023-05-24,10.53,17.17,4.34,60.02,5.31,0.74,16.67
2023-05-25,11.98,18.39,3.0,47.35,3.09,0.16,24.2
2023-05-26,15.82,23.77,6.61,38.33,2.96,0.0,28.99
2023-05-27,15.09,21.58,7.04,62.83,2.43,0.0,19.54
2023-05-28,18.39,26.49,8.97,50.71,1.82,0.0,20.88
2023-05-29,18.21,25.44,11.16,42.36,4.46,5.92,19.42
2023-05-30,14.76,21.88,9.27,65.3,3.92,7.12,15.53
2023-05-31,14.52,21.78,8.22,42.35,4.21,0.04,18.94
2023-06-01,12.96,19.8,7.36,42.6,5.53,0.08,29.06
2023-06-02,15.53,23.06,6.81,41.17,2.67,0.0,29.66
2023-06-03,16.73,24.45,7.61,36.08,3.37,0.0,27.02
2023-06-04,16.19,23.76,7.57,36.98,2.85,0.0,28.36
2023-06-05,17.08,24.76,9.12,35.07,4.54,0.0,29.36
2023-06-06,18.28,26.89,7.68,34.46,3.22,0.0,28.07
2023-06-07,17.93,25.11,8.97,32.18,4.59,0.0,24.49
2023-06-08,16.57,24.8,6.89,27.72,4.55,0.0,31.65
2023-06-09,16.53,24.32,8.45,33.08,4.38,0.0,27.86
2023-06-10,15.91,23.49,6.83,37.04,3.79,0.0,28.44
2023-06-11,16.18,23.16,7.9,45.7,3.57,0.0,29.47
2023-06-12,16.44,24.21,7.63,44.4,3.32,0.0,30.09
2023-06-13,19.25,27.63,8.8,36.49,2.47,0.0,29.81
2023-06-14,22.09,30.17,14.23,30.68,2.03,0.0,31.61
2023-06-15,23.09,30.93,14.67,34.36,2.59,0.0,30.26
2023-06-16,22.56,31.6,13.89,36.77,3.29,0.0,30.29
2023-06-17,20.64,28.47,12.38,50.16,3.67,0.0,21.65
2023-06-18,19.46,26.09,14.52,60.99,3.42,5.33,15.33
2023-06-19,19.17,27.45,12.32,55.58,2.8,7.33,23.25
2023-06-20,19.01,26.6,10.21,36.14,3.7,0.02,31.61
2023-06-21,21.87,30.71,13.13,30.3,1.7,0.02,31.76
2023-06-22,23.5,31.9,16.0,30.55,2.27,0.0,30.49
2023-06-23,24.25,32.9,15.92,41.06,2.87,0.75,26.9
2023-06-24,21.3,27.06,15.18,56.16,3.49,0.0,21.72
2023-06-25,20.38,26.64,14.08,49.26,2.83,0.2,18.56
2023-06-26,19.34,24.6,13.59,54.34,1.97,1.18,19.72
2023-06-27,20.69,28.6,12.1,58.63,2.94,2.3,20.96
2023-06-28,19.35,27.08,12.26,52.09,3.71,15.02,28.2
2023-06-29,21.02,30.24,10.81,32.79,2.81,0.0,31.66
2023-06-30,23.14,32.71,12.45,32.07,2.79,0.0,27.92
2023-07-01,22.19,29.28,15.82,41.68,2.86,0.06,19.29
2023-07-02,22.19,28.72,18.18,57.86,1.37,0.07,21.15
2023-07-03,18.39,22.96,12.04,71.82,2.46,7.5,7.55
2023-07-04,19.13,27.67,9.42,42.92,3.69,0.13,29.41
2023-07-05,20.14,29.2,10.92,34.2,4.09,0.04,30.87
2023-07-06,22.36,32.36,12.81,34.54,4.07,0.0,29.33
2023-07-07,18.99,25.17,12.88,52.48,4.06,0.0,21.18
2023-07-08,19.48,26.88,11.63,52.32,3.8,0.04,25.27
2023-07-09,22.25,30.94,12.35,41.48,2.74,0.0,27.89
2023-07-10,24.42,33.72,16.65,38.96,2.06,0.11,20.44
2023-07-11,24.14,31.0,17.64,49.23,2.13,0.06,18.08
2023-07-12,20.89,24.91,17.42,77.74,2.42,14.33,6.34
2023-07-13,20.41,27.84,15.72,56.51,3.77,4.45,15.63
2023-07-14,19.52,25.2,13.48,53.69,5.43,0.34,20.2
2023-07-15,19.18,26.29,12.06,49.87,3.7,0.1,29.61
2023-07-16,21.78,30.26,12.58,41.67,1.11,0.0,30.82
2023-07-17,22.84,31.18,13.75,36.39,2.03,0.03,29.88
2023-07-18,22.85,31.36,13.83,47.3,2.92,0.13,28.13
2023-07-19,23.68,31.38,14.61,42.47,2.25,0.0,27.44
2023-07-20,22.79,30.63,16.4,46.67,2.51,0.88,19.3
2023-07-21,19.93,25.92,14.37,64.51,2.26,15.67,16.23
2023-07-22,18.97,24.04,12.85,67.51,1.53,5.85,19.7
2023-07-23,21.32,28.3,14.56,60.04,1.66,6.06,26.07
2023-07-24,22.9,32.8,14.16,55.91,2.59,5.13,27.07
2023-07-25,23.94,31.78,15.11,53.14,2.33,2.21,27.12
2023-07-26,21.84,26.2,16.77,66.36,2.74,4.14,17.93
2023-07-27,20.76,27.6,15.78,74.95,2.22,8.24,16.5
2023-07-28,21.45,29.55,15.12,61.96,1.12,0.01,22.21
2023-07-29,20.96,27.92,14.28,65.84,1.83,0.01,25.5
2023-07-30,20.19,23.66,16.18,76.07,4.14,6.82,13.77
2023-07-31,20.6,24.9,17.83,85.51,4.84,21.18,9.13
2023-08-01,22.1,26.32,18.34,83.06,3.34,6.81,17.08
2023-08-02,24.38,31.1,18.43,72.7,3.0,2.04,19.59
2023-08-03,24.76,32.5,18.49,63.26,2.2,6.54,18.97
2023-08-04,22.86,29.21,16.65,62.79,1.84,9.27,14.45
2023-08-05,24.29,31.46,15.28,50.19,1.26,0.18,27.15
2023-08-06,23.73,29.9,17.77,61.12,2.64,1.65,22.24
2023-08-07,23.18,31.36,16.06,61.95,2.83,3.25,24.74
2023-08-08,23.95,31.14,15.67,56.97,1.66,0.03,26.83
2023-08-09,24.25,30.69,17.96,56.76,1.36,2.08,25.5
2023-08-10,23.15,29.43,16.95,69.49,2.55,2.32,16.59
2023-08-11,22.32,27.29,17.87,67.31,1.93,3.64,9.06
2023-08-12,21.94,29.27,15.09,53.53,2.26,0.05,25.23
2023-08-13,22.51,29.63,14.83,45.28,0.95,0.0,27.43
2023-08-14,23.24,30.24,15.9,49.46,1.96,0.0,24.74
2023-08-15,23.62,31.74,16.64,54.64,1.84,1.98,22.09
2023-08-16,24.82,32.83,14.86,40.59,1.4,0.0,26.3
2023-08-17,21.89,28.57,15.67,52.35,2.45,4.8,9.42
2023-08-18,20.99,30.05,13.56,36.78,2.24,0.0,24.62
2023-08-19,20.9,29.09,11.25,32.02,1.88,0.0,26.64
2023-08-20,21.19,30.19,12.84,52.36,2.93,6.75,22.0
2023-08-21,17.87,25.25,11.11,52.17,3.46,0.19,26.11
2023-08-22,17.52,25.79,9.58,50.1,2.39,0.93,24.67
2023-08-23,15.67,22.61,8.64,51.78,1.64,0.81,12.73
2023-08-24,16.49,23.18,9.54,54.71,1.3,0.02,24.05
2023-08-25,16.59,21.83,12.36,51.6,0.91,0.22,11.93
2023-08-26,16.86,24.4,10.64,61.82,1.47,0.23,20.69
2023-08-27,17.88,24.78,10.41,59.74,1.68,0.0,22.52
2023-08-28,17.96,25.8,12.27,60.24,2.08,1.68,23.17
2023-08-29,16.57,23.5,10.12,51.08,2.43,0.04,23.31
2023-08-30,17.73,26.04,9.0,43.42,1.52,0.0,25.41
2023-08-31,17.82,25.6,10.83,46.79,2.84,0.0,22.77
2023-09-01,17.54,24.42,10.09,59.58,2.09,0.98,19.33
2023-09-02,17.43,22.58,12.74,75.92,2.4,7.96,15.86
2023-09-03,19.98,29.03,11.62,55.66,1.16,0.19,23.75
2023-09-04,21.49,30.08,14.14,44.08,1.58,0.0,23.36
2023-09-05,20.7,29.35,14.07,50.07,2.13,0.0,23.89
2023-09-06,19.23,27.71,11.85,62.14,2.98,0.0,21.96
2023-09-07,17.46,22.1,14.28,81.82,3.36,3.92,3.68
2023-09-08,16.68,20.88,13.46,67.78,1.79,2.96,5.39
2023-09-09,16.43,23.55,11.7,56.99,1.61,0.52,20.04
2023-09-10,17.6,25.94,10.47,62.18,2.1,0.72,21.83
2023-09-11,14.17,21.86,7.48,52.46,3.24,0.91,21.01
2023-09-12,15.07,23.32,5.46,39.53,1.59,0.0,22.98
2023-09-13,16.52,24.94,8.62,55.2,2.52,0.0,21.45
2023-09-14,17.07,25.11,9.82,66.13,3.1,0.05,20.27
2023-09-15,16.61,24.17,10.32,72.72,2.51,6.91,18.47
2023-09-16,16.95,23.51,12.16,75.22,2.05,1.06,20.66
2023-09-17,15.9,23.0,10.53,64.32,2.57,0.97,18.12
2023-09-18,13.5,21.22,7.18,41.62,3.06,0.0,21.16
2023-09-19,12.11,19.92,5.32,49.7,2.53,0.0,20.36
2023-09-20,12.9,20.56,5.05,47.8,1.4,0.0,19.59
2023-09-21,13.68,21.17,6.99,58.84,2.45,1.19,19.86
2023-09-22,13.66,21.41,5.88,53.26,2.72,0.0,19.18
2023-09-23,13.69,18.44,10.76,73.39,4.19,1.32,11.68
2023-09-24,11.18,15.24,7.18,84.57,2.49,4.51,5.77
2023-09-25,12.04,18.17,7.33,76.35,1.68,0.11,15.31
2023-09-26,14.13,21.49,7.29,46.91,2.7,0.0,19.68
2023-09-27,10.93,18.46,5.38,36.88,2.44,0.0,19.8
2023-09-28,12.05,19.84,4.6,38.24,2.46,0.0,18.22
2023-09-29,8.26,15.83,1.18,46.05,3.36,0.0,20.71
2023-09-30,7.75,16.16,0.43,47.85,2.62,0.0,20.32
2023-10-01,9.87,18.16,1.27,43.35,2.02,0.0,18.18
2023-10-02,9.02,13.96,4.25,73.03,2.63,0.04,11.44
2023-10-03,10.12,19.92,3.33,64.57,2.45,0.74,16.78
2023-10-04,7.71,15.66,1.53,42.97,3.56,0.0,16.57
2023-10-05,7.15,14.48,0.13,38.91,1.45,0.0,13.23
2023-10-06,7.38,12.86,2.66,71.88,1.74,0.03,10.47
2023-10-07,5.98,12.62,0.55,79.15,2.54,2.76,6.52
2023-10-08,4.17,10.89,-1.98,66.33,3.61,0.07,14.83
2023-10-09,6.66,15.17,-0.84,58.82,2.29,0.0,18.35
2023-10-10,8.87,15.85,2.58,55.87,1.54,0.0,17.06
2023-10-11,10.27,15.3,5.44,58.52,1.2,0.99,8.79
2023-10-12,9.62,16.71,5.4,56.02,1.44,0.78,12.51
2023-10-13,7.46,14.93,2.4,43.5,2.23,0.83,17.53
2023-10-14,8.55,18.86,1.24,36.57,3.11,0.0,17.45
2023-10-15,7.93,16.24,1.64,49.02,2.22,0.0,15.54
2023-10-16,8.56,18.29,0.49,40.05,1.93,0.0,16.85
2023-10-17,6.97,12.88,1.62,55.86,2.14,1.72,6.9
2023-10-18,5.18,13.63,-1.33,44.08,3.34,0.0,14.17
2023-10-19,2.17,8.29,-3.33,46.07,4.22,0.0,16.28
2023-10-20,1.54,10.44,-5.21,44.52,2.76,0.0,16.9
2023-10-21,4.85,13.68,-2.36,37.8,1.89,0.0,16.54
2023-10-22,6.43,13.94,1.05,42.0,1.84,0.0,15.39
2023-10-23,6.13,15.13,-0.64,47.53,2.37,0.0,15.36
2023-10-24,8.46,18.23,1.87,35.38,2.49,0.0,15.38
2023-10-25,8.12,17.07,1.77,37.87,2.27,0.0,14.79
2023-10-26,6.73,15.67,-0.44,37.79,1.89,0.01,15.29
2023-10-27,7.5,15.09,1.8,35.95,1.8,0.0,15.04
2023-10-28,8.23,16.67,2.37,47.21,1.95,0.0,14.21
2023-10-29,7.35,16.3,1.27,44.57,1.89,0.0,13.22
2023-10-30,7.79,15.82,1.44,46.04,3.28,0.0,12.79
2023-10-31,7.36,16.32,0.82,50.78,2.57,0.0,12.74
2023-11-01,7.85,16.52,2.4,52.27,2.77,0.0,13.87
2023-11-02,3.78,10.06,-2.33,56.48,3.74,0.0,11.96
2023-11-03,1.65,9.45,-4.12,56.62,3.33,0.0,13.2
2023-11-04,1.54,6.41,-2.95,58.65,1.64,0.01,5.76
2023-11-05,-2.44,0.89,-7.92,63.17,4.63,2.32,9.96
2023-11-06,-5.36,1.62,-10.06,52.19,4.89,0.28,13.18
2023-11-07,-2.65,3.78,-7.83,50.98,2.74,0.0,9.92
2023-11-08,-4.2,1.49,-10.61,44.71,4.17,0.02,9.44
2023-11-09,-10.14,-4.96,-13.98,42.55,3.97,0.01,13.3
2023-11-10,-9.42,-4.85,-14.56,38.46,1.51,0.03,9.28
2023-11-11,-9.28,-4.32,-13.02,41.75,3.77,0.0,13.06
2023-11-12,-9.02,-3.26,-12.97,53.85,3.92,0.0,12.99
2023-11-13,-5.67,0.09,-9.9,56.34,1.11,0.0,10.67
2023-11-14,-3.66,3.1,-8.78,54.16,1.76,0.0,11.7
2023-11-15,-3.53,1.24,-6.75,59.6,4.15,0.12,7.41
2023-11-16,-6.19,-0.86,-11.28,58.0,5.88,0.06,9.88
2023-11-17,-5.81,2.04,-12.31,58.12,3.3,0.0,11.89
2023-11-18,-2.91,7.28,-9.4,51.45,2.46,0.0,11.67
2023-11-19,-0.52,8.13,-5.72,42.97,1.8,0.0,11.2
2023-11-20,-1.17,5.34,-6.62,56.51,2.38,0.0,10.86
2023-11-21,0.58,7.14,-3.4,50.31,1.37,0.0,8.24
2023-11-22,-5.06,0.21,-13.69,63.49,5.35,0.41,9.71
2023-11-23,-14.95,-10.49,-18.0,43.12,4.47,0.05,11.79
2023-11-24,-11.86,-4.96,-17.87,36.21,1.04,0.0,11.52
2023-11-25,-7.47,1.18,-12.19,66.54,3.19,0.0,8.51
2023-11-26,-6.63,1.63,-12.2,70.2,3.39,0.03,9.56
2023-11-27,-10.13,-5.75,-15.37,68.38,4.93,0.06,8.49
2023-11-28,-12.28,-3.12,-16.9,63.55,4.33,0.13,7.43
2023-11-29,-15.05,-9.9,-18.79,66.05,5.05,0.0,11.19
2023-11-30,-13.78,-7.06,-18.46,62.35,4.16,0.0,10.96
2023-12-01,-11.02,-1.87,-17.06,51.35,2.87,0.0,10.64
2023-12-02,-7.52,1.08,-14.01,60.36,2.67,0.0,10.43
2023-12-03,-7.93,-0.12,-13.71,65.95,2.61,0.0,8.73
2023-12-04,-5.62,3.14,-10.25,58.63,1.91,0.0,9.9
2023-12-05,-4.17,4.65,-9.31,60.24,3.09,0.0,8.08
2023-12-06,-7.06,0.64,-13.06,62.19,3.24,0.0,9.76
2023-12-07,-4.01,4.72,-10.26,67.91,2.97,0.0,9.21
2023-12-08,-2.88,4.21,-6.79,57.91,2.73,0.0,9.78
2023-12-09,-3.05,3.89,-8.69,47.6,1.64,0.0,8.25
2023-12-10,-3.64,-0.43,-5.64,62.95,3.11,2.87,5.12
2023-12-11,-5.38,0.14,-9.01,82.18,1.87,0.57,4.86
2023-12-12,-6.17,-2.42,-7.55,90.24,3.63,0.6,7.45
2023-12-13,-5.4,-1.8,-8.26,90.41,3.0,0.4,2.24
2023-12-14,-9.35,-4.92,-17.55,78.79,3.72,3.46,2.0
2023-12-15,-19.88,-17.06,-23.67,65.94,6.86,0.31,6.55
2023-12-16,-23.27,-18.9,-25.91,63.36,5.33,0.04,8.9
2023-12-17,-21.34,-15.04,-25.58,72.09,1.66,0.0,8.97
2023-12-18,-18.9,-11.66,-23.27,83.25,2.7,0.04,8.81
2023-12-19,-23.06,-17.97,-27.52,68.11,5.02,0.06,9.06
2023-12-20,-25.86,-20.9,-28.86,69.96,6.03,0.0,8.67
2023-12-21,-24.62,-16.59,-29.79,71.85,4.57,0.0,8.41
2023-12-22,-21.02,-16.75,-25.71,72.66,1.63,0.05,8.27
2023-12-23,-20.58,-13.58,-24.62,86.73,2.55,0.01,9.28
2023-12-24,-16.1,-5.98,-23.79,83.24,2.52,0.0,9.54
2023-12-25,-14.81,-8.3,-19.65,83.81,1.96,0.0,9.09
2023-12-26,-10.73,-3.4,-14.52,79.3,1.91,0.0,8.85
2023-12-27,-12.54,-4.83,-16.41,87.01,1.35,0.0,8.27
2023-12-28,-9.88,-1.71,-15.5,81.4,1.6,0.0,8.65
2023-12-29,-11.81,-8.55,-14.61,95.94,1.73,0.38,5.38
2023-12-30,-11.25,-6.75,-14.81,88.43,3.46,0.8,7.65
2023-12-31,-11.97,-6.09,-17.06,80.22,1.85,0.03,9.86
2024-01-01,-10.65,-3.92,-14.59,85.69,1.55,0.0,8.45
2024-01-02,-12.26,-5.3,-16.68,76.02,2.8,0.0,9.58
2024-01-03,-13.24,-6.53,-17.45,87.94,2.99,0.0,9.73
2024-01-04,-10.76,-4.34,-13.82,71.92,2.78,0.0,10.3
2024-01-05,-12.95,-4.45,-18.74,68.49,2.67,0.0,9.99
2024-01-06,-16.64,-10.76,-19.88,67.97,2.86,0.0,10.2
2024-01-07,-16.26,-11.08,-20.49,66.89,1.62,0.0,9.39
2024-01-08,-11.38,-3.77,-17.47,80.58,1.41,0.45,8.05
2024-01-09,-10.86,-4.85,-15.35,74.52,3.08,0.46,9.64
2024-01-10,-12.45,-4.48,-17.78,90.8,2.77,0.05,9.27
2024-01-11,-7.23,0.88,-12.41,70.55,1.07,0.0,9.61
2024-01-12,-6.57,3.06,-11.11,77.49,1.16,0.0,9.95
2024-01-13,-8.42,-0.97,-14.29,79.43,4.24,0.0,7.92
2024-01-14,-13.3,-5.15,-19.54,62.24,2.55,0.0,10.82
2024-01-15,-11.19,-5.16,-15.63,57.55,1.26,0.0,10.43
2024-01-16,-8.14,-2.74,-13.22,85.49,1.73,0.0,7.19
2024-01-17,-6.0,-0.77,-10.6,86.99,0.96,0.0,6.72
2024-01-18,-6.35,0.01,-11.6,89.6,1.34,0.03,8.4
2024-01-19,-5.97,-4.14,-7.23,96.39,2.75,4.78,8.3
2024-01-20,-16.45,-7.6,-23.19,75.66,5.08,1.4,10.94
2024-01-21,-22.38,-18.54,-25.05,75.49,5.51,0.12,11.55
2024-01-22,-22.31,-14.62,-26.25,75.8,3.61,0.0,11.65
2024-01-23,-20.11,-12.33,-25.49,75.22,5.12,0.0,12.02
2024-01-24,-15.25,-7.19,-21.58,67.33,2.93,0.0,10.1
2024-01-25,-15.04,-7.37,-19.62,54.41,2.16,0.0,11.9
2024-01-26,-15.3,-5.84,-20.85,61.86,2.24,0.0,11.69
2024-01-27,-14.51,-5.24,-21.04,66.11,2.25,0.0,11.17
2024-01-28,-12.17,-2.76,-16.77,62.6,1.36,0.0,10.83
2024-01-29,-11.56,-5.08,-17.28,68.28,1.57,0.0,10.93
2024-01-30,-10.29,-1.79,-17.72,80.0,2.58,0.0,9.78
2024-01-31,-13.96,-4.89,-19.69,66.55,3.21,0.0,9.12
2024-02-01,-12.26,-7.34,-16.29,74.62,2.12,0.0,9.64
2024-02-02,-9.05,-1.9,-14.83,78.48,1.2,0.0,9.92
2024-02-03,-8.91,-1.16,-14.83,62.7,1.39,0.0,11.3
2024-02-04,-10.32,-7.11,-14.69,86.26,2.77,2.44,10.68
2024-02-05,-10.23,-5.19,-15.66,83.22,2.02,1.47,11.26
2024-02-06,-13.53,-6.98,-17.47,83.5,2.77,0.1,13.94
2024-02-07,-11.66,-2.87,-18.79,73.3,1.54,0.0,13.74
2024-02-08,-10.53,-3.59,-14.95,73.68,1.59,0.0,12.67
2024-02-09,-11.71,-3.91,-15.93,74.91,2.59,0.0,13.61
2024-02-10,-10.54,-2.97,-16.05,73.9,3.0,0.0,14.35
2024-02-11,-8.63,-1.89,-13.24,67.63,2.19,0.0,14.11
2024-02-12,-6.08,2.38,-12.56,75.09,2.4,0.0,14.19
2024-02-13,-3.85,3.95,-9.98,71.06,2.25,0.0,13.18
2024-02-14,-7.05,-2.73,-13.42,68.96,4.24,0.0,13.06
2024-02-15,-9.0,-0.61,-15.5,58.56,3.26,0.0,15.89
2024-02-16,-6.02,4.16,-13.84,71.77,3.15,0.0,14.5
2024-02-17,-1.61,6.85,-9.18,79.42,3.03,0.0,14.59
2024-02-18,-6.43,-2.03,-12.85,64.91,5.36,0.08,8.94
2024-02-19,-13.3,-8.31,-17.41,48.37,3.92,0.0,9.39
2024-02-20,-10.68,-6.58,-14.72,62.48,3.98,3.13,2.89
2024-02-21,-14.21,-10.77,-16.57,50.02,5.9,1.28,6.71
2024-02-22,-12.5,-5.56,-18.33,44.26,3.05,0.0,15.45
2024-02-23,-9.01,-3.88,-13.47,53.75,1.71,0.0,14.43
2024-02-24,-9.17,-2.99,-14.43,54.73,2.48,0.0,13.45
2024-02-25,-8.63,-0.43,-15.71,58.61,1.76,0.0,16.22
2024-02-26,-6.33,-2.52,-11.42,74.54,3.94,2.47,9.39
2024-02-27,-7.36,-4.47,-13.72,87.59,2.2,3.62,7.63
2024-02-28,-10.69,-3.45,-17.92,66.79,3.42,0.03,12.39
2024-02-29,-15.65,-8.72,-20.9,61.82,4.04,0.0,18.4
2024-03-01,-12.24,-3.32,-20.28,57.57,3.75,0.0,16.26
2024-03-02,-9.03,0.52,-16.44,53.24,3.67,0.0,17.43
2024-03-03,-6.03,1.49,-13.96,49.28,1.94,0.0,17.69
2024-03-04,-3.36,2.43,-9.11,75.29,1.49,0.79,3.61
2024-03-05,-5.73,-0.42,-12.42,65.48,4.36,0.89,5.47
2024-03-06,-7.23,-1.53,-13.9,59.46,2.14,0.0,15.37
2024-03-07,-9.07,-5.08,-14.07,65.0,5.18,0.04,18.27
2024-03-08,-6.63,1.67,-14.52,45.37,2.06,0.0,19.91
2024-03-09,-1.8,6.87,-9.55,37.65,2.04,0.0,18.85
2024-03-10,-0.16,6.92,-5.05,38.85,2.82,0.0,12.36
2024-03-11,-2.85,1.45,-6.87,56.2,4.42,0.0,17.06
2024-03-12,-2.45,3.85,-9.2,55.67,2.3,0.0,16.27
2024-03-13,1.0,8.35,-7.11,33.94,2.43,0.0,19.35
2024-03-14,2.57,11.15,-3.8,34.29,2.85,0.0,21.17
2024-03-15,4.37,13.02,-3.13,52.65,4.23,0.09,15.66
2024-03-16,-0.69,4.61,-5.95,47.85,5.51,0.01,20.63
2024-03-17,-0.3,6.64,-5.75,40.41,3.05,0.09,15.15
2024-03-18,-1.94,5.07,-7.15,36.84,5.41,0.0,19.46
2024-03-19,-2.62,4.15,-7.53,37.73,4.6,0.0,22.74
2024-03-20,0.96,8.99,-6.18,33.39,2.7,0.0,21.54
2024-03-21,0.43,6.01,-4.71,54.38,2.71,0.0,13.32
2024-03-22,3.95,11.79,-4.2,38.5,2.82,0.0,21.95
2024-03-23,4.63,11.31,-0.43,57.71,1.55,0.11,10.48
2024-03-24,2.18,4.55,-0.23,92.23,1.87,4.68,5.12
2024-03-25,5.21,13.4,-2.15,57.22,2.07,0.16,21.07
2024-03-26,6.96,15.5,-1.97,52.28,4.16,0.0,20.22
2024-03-27,3.58,11.74,-5.1,39.3,6.35,0.0,18.34
2024-03-28,-0.09,7.76,-7.15,26.69,7.35,0.0,23.29
2024-03-29,2.36,11.77,-5.84,37.55,4.91,0.0,21.27
2024-03-30,4.51,14.33,-4.72,39.3,3.69,0.0,23.0
2024-03-31,9.62,20.45,-1.05,33.49,2.4,0.0,23.68
2024-04-01,10.48,22.6,0.63,42.75,4.61,0.0,20.14
2024-04-02,8.97,17.25,2.52,36.16,5.16,0.05,16.5
2024-04-03,7.18,13.4,0.48,34.28,1.82,0.0,17.58
2024-04-04,5.0,10.7,0.14,54.04,2.88,0.81,15.76
2024-04-05,6.53,14.87,-2.04,48.14,2.76,0.0,20.46
2024-04-06,8.34,16.59,1.69,33.11,3.15,0.0,23.68
2024-04-07,10.19,17.47,1.42,32.35,2.15,0.0,19.36
2024-04-08,10.55,18.17,1.75,45.22,2.03,0.51,17.16
2024-04-09,9.61,17.17,1.73,48.82,3.62,1.33,20.73
2024-04-10,10.41,18.04,3.43,47.97,3.88,0.22,22.36
2024-04-11,11.91,21.96,0.51,37.78,4.15,0.0,24.08
2024-04-12,13.24,22.09,5.3,34.17,2.94,0.0,25.02
2024-04-13,12.6,22.08,5.77,55.18,4.44,4.73,12.99
2024-04-14,8.58,17.22,-0.21,46.28,4.4,0.0,21.84
2024-04-15,3.25,12.55,-5.59,29.67,4.44,0.71,27.9
2024-04-16,8.61,17.71,-2.36,24.09,2.12,0.0,27.76
2024-04-17,13.02,23.45,4.4,22.95,2.49,0.0,27.25
2024-04-18,13.05,23.3,2.57,47.22,3.89,0.61,22.1
2024-04-19,4.93,9.37,0.53,81.12,5.05,17.34,5.54
2024-04-20,7.34,16.35,-1.46,48.67,3.28,0.04,28.05
2024-04-21,9.88,19.26,-0.11,47.03,4.22,0.57,25.32
2024-04-22,7.39,15.65,0.35,49.21,4.78,0.42,21.77
2024-04-23,6.72,16.29,-3.65,37.76,4.19,0.01,28.01
2024-04-24,10.75,22.05,-0.98,35.2,3.8,0.14,27.3
2024-04-25,14.27,23.23,3.7,30.76,3.81,0.0,24.76
2024-04-26,12.98,21.32,4.64,38.97,3.04,0.0,10.63
2024-04-27,10.61,22.81,1.49,57.87,4.03,9.43,22.54
2024-04-28,8.21,13.58,3.3,81.73,2.7,13.58,8.24
2024-04-29,5.01,10.22,-0.88,59.57,4.02,1.01,21.04
2024-04-30,7.71,15.63,-2.89,34.43,2.08,0.0,29.47
2024-05-01,10.05,18.27,2.14,31.12,2.45,0.0,29.63
2024-05-02,12.25,21.01,3.89,37.23,2.51,0.0,26.12
2024-05-03,13.01,20.58,3.51,45.88,2.22,0.0,24.94
2024-05-04,12.24,17.38,7.41,61.81,1.06,0.01,12.52
2024-05-05,10.74,14.97,7.43,66.5,3.62,0.71,16.09
2024-05-06,13.15,20.51,6.02,39.24,3.5,0.0,26.27
2024-05-07,14.35,23.25,4.74,31.8,2.98,0.03,30.3
2024-05-08,16.82,26.25,7.85,29.59,2.4,0.0,29.29
2024-05-09,16.27,24.79,7.48,51.14,4.31,4.06,23.72
2024-05-10,11.23,19.06,3.41,51.57,5.84,1.8,15.42
2024-05-11,7.77,15.11,0.99,28.54,6.26,0.0,30.64
2024-05-12,12.26,21.26,0.76,26.68,2.76,0.0,31.2
2024-05-13,16.88,27.37,6.15,27.59,3.23,0.0,30.13
2024-05-14,10.81,16.83,2.33,37.92,6.75,0.0,26.03
2024-05-15,11.29,21.31,-1.08,23.69,2.59,0.0,32.59
2024-05-16,16.94,28.13,6.87,32.51,3.56,0.0,27.4
2024-05-17,21.21,30.33,11.33,28.09,2.43,0.0,29.52
2024-05-18,21.26,30.23,11.71,34.5,2.62,0.0,18.92
2024-05-19,17.35,25.12,9.68,34.98,4.36,0.0,28.02
2024-05-20,18.72,28.29,7.14,42.7,2.6,0.07,28.4
2024-05-21,21.28,30.05,12.93,51.57,2.21,0.08,28.63
2024-05-22,22.44,31.35,14.36,40.45,3.62,1.02,28.46
2024-05-23,20.73,28.34,13.24,42.78,2.61,0.03,21.8
2024-05-24,16.17,20.58,12.63,76.85,3.71,1.51,10.5
2024-05-25,17.34,25.93,9.37,59.92,4.12,4.23,20.81
2024-05-26,12.54,20.2,5.05,44.84,5.06,0.01,31.52
2024-05-27,15.64,23.67,7.21,33.54,1.85,0.0,28.95
2024-05-28,18.52,27.28,7.46,36.69,3.16,0.04,25.73
2024-05-29,15.04,18.37,11.12,64.68,3.65,9.66,8.51
2024-05-30,16.42,25.91,8.07,39.33,4.27,0.01,29.55
2024-05-31,14.25,22.88,4.91,44.45,3.31,0.0,30.19
2024-06-01,18.88,27.81,7.15,37.19,2.14,0.0,29.0
2024-06-02,17.0,22.26,12.37,51.85,1.19,0.48,19.01
2024-06-03,16.27,22.24,11.71,65.66,1.28,0.2,24.69
2024-06-04,14.11,17.85,11.3,77.58,2.92,6.33,12.1
2024-06-05,13.61,18.44,8.75,78.43,3.63,5.2,7.72
2024-06-06,14.64,21.24,8.41,73.36,1.35,14.61,14.07
2024-06-07,16.2,24.74,10.44,57.3,3.08,12.22,26.81
2024-06-08,19.11,27.43,9.06,39.53,3.35,0.0,29.06
2024-06-09,21.7,29.29,13.53,34.34,1.9,0.0,27.57
2024-06-10,20.69,29.54,12.69,42.57,3.11,0.54,25.14
2024-06-11,22.28,29.51,12.65,38.01,1.65,0.7,26.11
2024-06-12,23.9,32.38,14.96,34.99,2.59,0.01,25.48
2024-06-13,19.53,26.44,13.94,49.09,3.08,0.07,26.37
2024-06-14,17.62,24.46,11.02,40.28,3.56,0.0,30.04
2024-06-15,17.93,25.31,9.31,42.62,2.37,0.0,29.08
2024-06-16,20.91,28.06,11.0,31.86,1.43,0.0,31.32
2024-06-17,20.43,25.03,13.57,46.57,1.62,0.0,25.38
2024-06-18,20.4,27.4,15.13,68.76,3.15,3.51,14.29
2024-06-19,19.9,27.16,13.15,66.37,2.76,0.59,14.63
2024-06-20,20.97,29.78,15.32,65.36,1.96,4.55,20.89
2024-06-21,18.11,26.38,9.24,52.78,3.75,7.36,25.24
2024-06-22,13.52,20.35,5.31,41.45,5.46,1.02,28.1
2024-06-23,13.88,19.91,8.28,56.74,4.72,0.0,22.02
2024-06-24,16.61,24.18,7.32,52.77,2.04,0.0,25.49
2024-06-25,19.65,26.93,11.55,39.2,2.13,0.0,29.82
2024-06-26,19.27,25.04,13.94,61.96,3.44,0.71,21.3
2024-06-27,22.13,29.5,13.62,59.61,3.08,1.09,28.71
2024-06-28,22.06,27.94,17.51,62.5,2.48,7.39,21.46
2024-06-29,20.45,27.42,14.76,54.38,2.5,4.44,25.48
2024-06-30,19.36,26.04,12.47,51.5,2.53,0.71,24.05
2024-07-01,16.95,20.17,11.81,71.35,1.99,2.43,23.28
2024-07-02,17.46,21.33,13.89,73.18,2.88,2.05,16.69
2024-07-03,18.85,24.08,12.59,63.73,1.24,0.26,22.92
2024-07-04,21.57,29.44,13.09,50.89,1.4,0.06,28.71
2024-07-05,19.67,26.65,15.29,61.9,2.13,4.56,7.46
2024-07-06,20.92,28.15,14.09,55.95,2.17,0.07,25.98
2024-07-07,21.29,28.29,14.89,49.11,1.26,0.24,14.26
2024-07-08,21.82,27.71,13.67,51.58,1.95,0.0,20.39
2024-07-09,20.26,25.53,14.7,70.0,1.26,0.15,18.39
2024-07-10,23.61,32.15,13.76,53.55,0.84,0.04,23.35
2024-07-11,24.81,32.46,17.77,47.58,1.39,0.6,22.19
2024-07-12,20.01,26.67,15.51,67.97,1.76,8.42,18.88
2024-07-13,23.95,32.99,14.03,51.64,1.57,0.05,28.87
2024-07-14,23.23,29.92,16.53,64.18,2.67,0.15,24.52
2024-07-15,20.69,25.01,17.73,79.51,4.96,19.22,7.12
2024-07-16,19.0,25.46,12.63,57.73,3.92,1.01,29.26
2024-07-17,22.74,31.64,13.95,42.71,1.95,0.01,28.87
2024-07-18,24.32,32.3,13.6,38.92,2.31,0.0,29.06
2024-07-19,23.9,33.7,16.68,53.91,3.0,0.03,22.37
2024-07-20,24.9,33.6,15.05,56.62,1.78,0.02,27.06
2024-07-21,25.22,31.59,19.16,55.11,2.88,0.57,20.37
2024-07-22,25.99,34.22,17.57,40.73,2.35,0.0,27.31
2024-07-23,27.89,35.58,19.51,35.73,1.2,0.0,26.7
2024-07-24,22.95,29.93,18.47,69.83,2.15,22.94,6.75
2024-07-25,22.74,29.92,16.11,58.17,2.94,4.88,25.48
2024-07-26,23.41,31.14,15.82,45.35,1.7,0.0,28.38
2024-07-27,24.08,31.93,17.28,41.87,2.35,0.0,25.52
2024-07-28,24.1,31.88,15.62,44.64,2.0,0.0,26.56
2024-07-29,23.15,28.64,18.02,52.6,1.38,0.2,7.92
2024-07-30,18.58,21.8,15.85,80.94,2.47,27.31,7.32
2024-07-31,19.58,25.17,15.1,77.61,1.96,15.19,16.54
2024-08-01,21.72,28.96,14.1,65.01,1.42,7.84,24.06
2024-08-02,21.23,27.34,15.96,68.85,2.15,1.33,8.72
2024-08-03,19.07,24.43,14.65,81.02,0.96,14.22,8.06
2024-08-04,20.23,26.36,13.96,69.11,1.76,0.69,20.63
2024-08-05,21.41,28.51,14.81,48.17,1.23,0.01,27.84
2024-08-06,21.56,29.14,14.64,61.38,1.58,0.33,24.71
2024-08-07,22.17,29.33,15.18,55.68,1.44,0.0,25.97
2024-08-08,22.29,29.54,14.11,67.56,2.58,0.53,23.28
2024-08-09,19.65,23.16,15.35,85.36,4.2,46.53,7.88
2024-08-10,17.38,23.15,13.04,78.6,5.14,1.62,16.64
2024-08-11,17.23,21.86,13.41,77.06,6.05,0.31,13.53
2024-08-12,18.14,24.15,13.5,70.82,3.85,0.23,21.18
2024-08-13,17.89,24.56,11.49,68.18,2.35,0.0,23.41
2024-08-14,17.9,23.23,11.45,71.06,1.41,0.13,18.37
2024-08-15,20.46,27.1,13.92,62.13,1.23,0.03,22.94
2024-08-16,17.95,21.36,14.44,83.53,1.37,4.56,17.0
2024-08-17,19.13,23.5,14.64,77.59,1.12,1.5,18.07
2024-08-18,19.28,24.02,14.51,71.57,1.3,12.7,20.98
2024-08-19,17.01,20.16,13.85,80.79,1.3,5.61,20.99
2024-08-20,16.7,21.04,13.0,82.36,1.64,10.43,20.2
2024-08-21,17.77,24.22,11.54,76.76,1.59,0.39,23.2
2024-08-22,19.98,25.98,12.73,66.7,1.11,0.0,21.47
2024-08-23,21.71,27.35,15.98,60.47,1.33,0.35,23.95
2024-08-24,21.16,27.0,16.22,59.14,1.54,0.04,19.54
2024-08-25,16.84,23.15,12.54,71.05,3.76,20.24,4.34
2024-08-26,15.99,22.57,10.42,73.23,4.26,3.96,18.66
2024-08-27,16.28,24.18,8.2,60.17,1.73,0.0,25.83
2024-08-28,17.76,24.85,10.88,63.61,1.57,0.0,20.92
2024-08-29,18.49,24.94,10.96,70.22,1.84,0.0,21.85
2024-08-30,20.6,28.22,13.77,65.75,1.99,0.0,23.26
2024-08-31,19.52,25.16,14.94,85.17,3.74,14.85,7.04
2024-09-01,15.64,22.04,9.35,74.26,3.72,0.05,16.93
2024-09-02,14.48,19.9,7.75,78.01,2.33,0.64,17.78
2024-09-03,17.44,19.8,14.68,91.39,2.95,15.7,6.94
2024-09-04,17.55,23.56,10.38,82.12,4.45,19.58,3.76
2024-09-05,13.45,20.25,6.98,67.1,2.47,0.01,19.64
2024-09-06,12.9,17.09,8.04,77.69,2.03,12.17,3.47
2024-09-07,15.37,21.68,9.55,80.83,1.68,0.6,16.2
2024-09-08,17.74,22.57,13.07,92.8,3.43,26.0,3.14
2024-09-09,14.67,17.53,8.88,81.89,3.05,3.54,9.76
2024-09-10,12.21,19.08,5.29,61.27,1.77,0.08,20.06
2024-09-11,13.53,18.58,8.44,80.99,2.24,1.56,7.23
2024-09-12,16.52,22.92,10.99,80.6,2.86,0.08,17.77
2024-09-13,13.72,21.49,5.83,82.37,4.32,1.13,4.26
2024-09-14,9.95,15.64,4.7,79.26,2.92,0.01,9.41
2024-09-15,12.51,15.22,8.69,92.04,1.81,21.59,2.45
2024-09-16,15.14,20.06,11.84,82.12,1.93,10.63,5.15
2024-09-17,15.82,20.43,12.6,91.59,2.13,8.91,7.34
2024-09-18,16.6,20.89,13.73,93.3,1.84,6.2,9.97
2024-09-19,17.31,22.44,13.53,91.64,2.14,10.57,11.95
2024-09-20,9.27,14.02,3.18,81.51,5.75,19.03,13.29
2024-09-21,6.06,13.23,0.77,77.38,2.58,0.47,16.8
2024-09-22,7.4,14.12,0.31,74.08,1.54,0.0,21.53
2024-09-23,10.51,18.37,3.14,73.48,1.78,0.0,20.84
2024-09-24,11.0,18.97,5.73,83.53,2.71,0.99,15.15
2024-09-25,10.18,16.55,3.24,71.33,1.59,0.05,19.47
2024-09-26,12.71,18.86,6.65,71.66,1.89,0.0,18.29
2024-09-27,14.02,17.94,9.82,88.06,3.51,0.0,12.07
2024-09-28,14.97,19.37,11.74,90.33,4.94,2.79,6.54
2024-09-29,9.28,14.15,2.92,84.22,6.16,26.96,6.12
2024-09-30,3.91,9.6,-1.49,74.08,3.67,0.42,15.2
2024-10-01,-0.07,5.0,-4.02,70.7,3.56,0.88,18.33
2024-10-02,3.99,10.93,-1.81,65.78,2.05,0.01,18.34
2024-10-03,4.8,12.02,-2.12,69.6,2.77,0.0,19.65
2024-10-04,8.19,14.88,2.13,84.42,2.55,0.0,17.57
2024-10-05,10.14,14.62,5.29,85.67,1.8,0.24,11.19
2024-10-06,6.95,12.08,0.78,82.52,3.2,0.41,10.59
2024-10-07,5.99,12.58,-0.57,71.68,1.34,0.01,17.9
2024-10-08,6.79,13.15,0.39,74.39,1.85,0.03,16.59
2024-10-09,5.42,11.75,-2.71,75.11,3.57,0.65,16.09
2024-10-10,3.78,11.19,-3.46,64.97,2.44,0.0,18.13
2024-10-11,7.64,15.46,-0.12,68.39,1.69,0.0,17.56
2024-10-12,9.59,16.79,3.18,68.91,1.98,0.01,15.48
2024-10-13,7.9,9.92,6.41,94.55,3.13,3.62,3.22
2024-10-14,7.36,14.04,0.48,78.05,3.06,0.24,15.28
2024-10-15,6.26,13.78,-1.15,67.82,1.74,0.01,17.02
2024-10-16,8.65,11.48,3.39,96.91,2.38,0.0,5.2
2024-10-17,8.53,11.35,6.34,94.25,1.56,7.42,4.08
2024-10-18,4.25,9.46,-3.82,73.85,5.37,0.67,15.49
2024-10-19,0.47,7.24,-5.97,68.82,3.62,0.32,14.63
2024-10-20,-1.2,-0.08,-2.52,89.18,4.86,14.67,3.52
2024-10-21,-1.06,3.31,-4.6,89.04,2.48,1.79,5.56
2024-10-22,-1.9,4.31,-7.25,80.87,2.16,0.13,13.71
2024-10-23,0.67,8.53,-5.3,84.64,2.08,0.13,15.17
2024-10-24,5.12,11.96,-1.27,75.84,1.67,0.0,15.09
2024-10-25,6.89,12.2,0.55,93.32,2.05,2.28,8.71
2024-10-26,4.47,10.72,-2.39,80.51,3.73,10.0,12.56
2024-10-27,3.05,11.07,-3.44,73.37,1.72,0.02,14.15
2024-10-28,3.43,9.5,-1.55,79.79,2.06,0.02,12.86
2024-10-29,3.44,10.24,-2.16,75.63,2.08,0.0,14.24
2024-10-30,5.48,10.86,-0.04,87.9,2.67,0.38,4.76
2024-10-31,6.25,11.71,2.47,74.92,1.14,0.11,9.56
2024-11-01,3.59,11.05,-0.44,89.77,1.48,0.23,6.77
2024-11-02,3.34,7.68,1.73,95.46,2.13,2.9,6.01
2024-11-03,-1.23,3.0,-7.73,73.17,4.49,0.74,13.13
2024-11-04,-3.79,0.53,-8.14,70.18,1.48,0.0,9.66
2024-11-05,-0.46,4.84,-4.66,68.02,1.74,0.0,13.57
2024-11-06,0.52,5.39,-3.82,72.67,1.56,0.0,11.58
2024-11-07,2.13,7.93,-2.66,92.12,1.4,0.0,12.37
2024-11-08,4.46,9.05,2.18,97.63,2.14,0.0,10.34
2024-11-09,4.6,7.42,1.93,97.51,2.87,0.03,3.38
2024-11-10,2.96,9.62,-3.21,77.79,2.51,0.0,12.32
2024-11-11,3.11,9.78,-0.55,72.49,1.94,0.0,11.66
2024-11-12,2.23,7.13,-2.91,61.74,1.4,0.0,10.57
2024-11-13,1.57,5.82,-1.29,80.98,0.95,1.32,3.68
2024-11-14,0.91,6.67,-2.34,89.63,1.3,0.05,7.62
2024-11-15,1.23,8.29,-5.27,85.32,2.49,0.0,3.53
2024-11-16,-3.69,2.01,-6.9,62.23,3.11,0.0,12.31
2024-11-17,-3.91,1.18,-7.79,60.79,1.85,0.0,12.32
2024-11-18,-3.58,1.32,-9.32,72.86,2.48,0.0,9.96
2024-11-19,-1.84,2.98,-3.86,90.21,2.22,0.0,5.33
2024-11-20,-2.76,3.99,-7.29,79.94,1.92,0.0,9.33
2024-11-21,-2.76,4.15,-7.64,72.66,2.39,0.0,10.77
2024-11-22,-2.45,2.77,-7.41,78.14,1.81,0.0,10.89
2024-11-23,-1.08,2.26,-4.6,93.25,2.53,0.04,8.75
2024-11-24,-1.17,1.33,-5.28,87.95,3.09,3.67,2.57
2024-11-25,-11.04,-5.99,-15.93,68.46,5.37,0.15,7.43
2024-11-26,-14.03,-10.84,-17.31,69.84,6.54,0.8,4.72
2024-11-27,-11.24,-6.13,-17.81,75.52,8.17,0.16,4.62
2024-11-28,-7.97,-3.07,-13.9,85.56,6.82,0.01,7.72
2024-11-29,-3.89,2.92,-9.15,86.31,4.38,0.0,9.99
2024-11-30,-4.47,1.6,-8.53,72.55,1.79,0.0,8.92
2024-12-01,-8.47,-1.83,-13.81,78.97,4.46,0.03,8.73
2024-12-02,-12.34,-5.81,-17.96,67.93,2.69,0.0,10.43
2024-12-03,-9.64,-2.94,-15.14,81.18,2.47,0.0,8.96
2024-12-04,-8.36,-2.56,-12.26,86.32,2.54,0.0,8.74
2024-12-05,-9.23,-3.61,-13.67,82.77,2.88,0.0,9.97
2024-12-06,-10.14,-7.11,-12.74,81.91,2.81,0.15,6.9
2024-12-07,-13.08,-7.18,-17.02,73.22,2.95,0.01,8.07
2024-12-08,-13.63,-8.48,-16.57,72.62,1.28,0.0,8.57
2024-12-09,-9.68,-1.91,-15.38,72.43,1.12,0.0,8.8
2024-12-10,-8.3,-4.57,-11.62,83.98,2.19,0.0,3.44
2024-12-11,-8.46,-6.26,-10.53,91.79,1.63,0.0,6.71
2024-12-12,-9.63,-6.27,-14.29,83.24,2.84,0.27,6.17
2024-12-13,-13.15,-7.7,-16.18,79.19,3.67,0.07,9.05
2024-12-14,-13.18,-5.91,-18.58,77.45,3.55,0.0,9.69
2024-12-15,-11.39,-3.93,-16.22,75.56,2.61,0.0,9.65
2024-12-16,-9.81,-2.06,-14.42,70.27,2.07,0.0,9.21
2024-12-17,-10.82,-4.83,-15.34,83.65,4.4,0.0,9.65
2024-12-18,-12.22,-5.23,-17.67,74.96,2.12,0.0,8.12
2024-12-19,-10.87,-7.1,-14.36,91.93,2.61,0.28,4.93
2024-12-20,-15.46,-12.21,-17.52,81.64,5.71,0.01,7.11
2024-12-21,-14.24,-7.38,-19.75,78.84,2.64,0.0,8.55
2024-12-22,-11.69,-6.73,-15.04,71.3,0.97,0.0,8.89
2024-12-23,-10.03,-3.82,-15.34,67.84,1.46,0.0,7.59
2024-12-24,-11.36,-5.46,-15.17,86.25,2.21,0.0,8.39
2024-12-25,-15.38,-10.72,-19.52,80.05,4.41,0.0,9.62
2024-12-26,-16.52,-9.4,-20.26,78.63,3.82,0.0,8.83
2024-12-27,-16.48,-10.31,-21.13,81.82,4.58,0.0,9.6
2024-12-28,-15.59,-7.5,-19.08,84.16,2.3,0.0,9.69
2024-12-29,-13.29,-3.72,-18.84,84.49,3.03,0.0,8.32
2024-12-30,-14.01,-7.86,-18.65,86.69,3.46,0.0,9.7
2024-12-31,-11.75,-3.95,-18.13,82.39,1.31,0.0,9.29
2025-01-01,-10.98,-5.06,-16.49,80.64,2.7,0.0,8.77
2025-01-02,-14.43,-7.14,-18.26,78.5,2.93,0.0,9.95
2025-01-03,-12.71,-5.27,-18.38,68.8,2.19,0.0,8.75
2025-01-04,-11.41,-4.4,-15.52,83.73,2.57,0.02,7.55
2025-01-05,-12.68,-7.49,-16.24,85.26,4.75,0.03,9.99
2025-01-06,-12.87,-5.6,-18.1,83.84,3.67,0.0,9.94
2025-01-07,-12.02,-4.91,-16.84,82.64,5.45,0.38,8.75
2025-01-08,-16.5,-11.56,-19.03,81.19,5.38,0.05,9.85
2025-01-09,-15.1,-8.15,-20.83,73.97,1.96,0.0,9.7
2025-01-10,-12.56,-7.25,-17.66,82.58,2.1,0.0,8.59
2025-01-11,-13.17,-8.36,-17.33,85.22,2.77,0.08,7.1
2025-01-12,-14.3,-9.98,-18.92,92.27,2.69,0.2,7.43
2025-01-13,-12.52,-8.21,-15.77,91.08,2.75,0.01,6.11
2025-01-14,-17.07,-12.99,-20.95,77.41,5.32,0.0,9.27
2025-01-15,-15.28,-5.78,-21.07,74.19,2.86,0.0,9.68
2025-01-16,-11.7,-2.29,-16.68,73.66,1.77,0.0,10.43
2025-01-17,-11.38,-5.03,-15.77,82.03,1.61,0.0,10.06
2025-01-18,-10.48,-1.98,-15.32,76.14,2.66,0.0,9.89
2025-01-19,-9.02,-0.59,-14.57,77.46,2.36,0.0,10.09
2025-01-20,-6.87,1.78,-13.04,77.5,1.5,0.0,9.85
2025-01-21,-5.23,1.51,-10.48,72.21,1.25,0.0,8.28
2025-01-22,-5.28,1.53,-10.92,74.58,1.12,0.0,10.25
2025-01-23,-4.66,1.33,-8.71,67.72,0.88,0.0,10.26
2025-01-24,-4.59,2.99,-10.06,72.85,1.78,0.0,10.43
2025-01-25,-7.88,-5.17,-14.53,90.0,2.48,2.6,2.21
2025-01-26,-17.3,-14.06,-20.59,74.78,5.4,0.08,5.88
2025-01-27,-19.08,-13.71,-23.1,75.51,4.51,0.01,7.42
2025-01-28,-16.31,-8.97,-22.9,79.78,2.49,0.02,8.41
2025-01-29,-13.38,-7.61,-18.26,82.1,1.65,0.0,7.91
2025-01-30,-10.06,-2.84,-15.47,82.79,1.69,0.0,8.83
2025-01-31,-9.92,-3.17,-15.26,83.32,1.77,0.0,10.98
2025-02-01,-8.93,-2.92,-13.39,84.44,1.83,0.0,7.47
2025-02-02,-13.78,-9.69,-18.92,73.37,5.72,0.0,10.71
2025-02-03,-16.68,-10.22,-20.78,75.22,4.29,0.0,12.75
2025-02-04,-16.68,-10.39,-20.71,73.75,5.75,0.0,10.56
2025-02-05,-16.02,-10.58,-22.76,69.52,5.64,0.04,10.53
2025-02-06,-20.21,-15.32,-26.38,72.65,5.9,0.18,8.71
2025-02-07,-23.42,-17.05,-28.3,72.88,4.37,0.0,13.33
2025-02-08,-18.56,-10.15,-25.96,70.61,1.95,0.0,13.52
2025-02-09,-14.8,-7.13,-20.61,74.16,2.12,0.0,11.47
2025-02-10,-11.49,-4.24,-17.66,79.35,2.49,0.0,12.75
2025-02-11,-9.89,-4.48,-16.66,78.0,2.77,0.0,10.69
2025-02-12,-12.49,-4.9,-18.4,70.56,3.85,0.0,15.06
2025-02-13,-10.29,-0.1,-18.38,70.86,2.26,0.0,14.99
2025-02-14,-8.23,0.02,-14.62,62.8,2.67,0.0,14.29
2025-02-15,-8.69,0.19,-14.03,74.03,3.23,0.0,13.72
2025-02-16,-10.3,-3.02,-15.85,65.99,3.09,0.0,15.68
2025-02-17,-7.91,-0.29,-14.16,62.71,2.0,0.0,14.67
2025-02-18,-9.76,-3.29,-13.82,63.48,3.64,0.0,15.35
2025-02-19,-10.3,-4.7,-14.95,73.0,2.15,0.09,10.54
2025-02-20,-10.65,-4.52,-17.57,62.15,2.19,0.0,14.6
2025-02-21,-11.84,-6.75,-18.06,67.5,3.22,0.04,14.69
2025-02-22,-15.27,-8.72,-20.42,68.34,4.26,0.0,17.11
2025-02-23,-12.95,-4.14,-20.88,66.94,2.89,0.0,17.29
2025-02-24,-10.31,-1.57,-17.66,72.7,2.9,0.0,15.57
2025-02-25,-7.89,-0.33,-14.55,63.33,3.47,0.0,16.77
2025-02-26,-4.9,2.33,-10.95,49.7,1.84,0.0,15.58
2025-02-27,-3.16,5.12,-9.4,55.78,2.24,0.0,15.9
2025-02-28,-1.26,5.6,-9.11,47.92,2.06,0.0,17.32
2025-03-01,0.92,7.4,-4.13,61.52,2.49,0.0,13.33
2025-03-02,-0.88,5.25,-3.92,58.27,4.88,0.01,13.68
2025-03-03,-4.06,-1.28,-8.13,73.45,3.96,0.96,7.44
2025-03-04,-4.31,0.52,-8.66,82.99,2.1,0.6,8.33
2025-03-05,-5.55,0.35,-9.89,77.25,3.82,0.07,13.64
2025-03-06,-4.06,2.04,-11.01,65.52,1.69,0.0,16.81
2025-03-07,-2.96,1.26,-6.78,69.68,1.83,0.32,11.94
2025-03-08,-1.62,5.42,-8.54,70.75,2.74,0.0,18.18
2025-03-09,0.19,6.76,-6.46,75.59,4.07,0.0,17.26
2025-03-10,0.67,7.67,-4.44,81.68,2.2,0.0,14.17
2025-03-11,0.27,5.54,-4.41,60.15,4.67,0.0,14.62
2025-03-12,0.6,7.78,-5.95,47.82,3.12,0.0,20.94
2025-03-13,0.93,7.44,-4.32,59.5,2.17,0.0,13.82
2025-03-14,0.06,4.06,-4.5,75.4,2.49,3.87,9.59
2025-03-15,-6.94,-5.26,-8.95,58.7,6.31,0.74,18.29
2025-03-16,-6.49,1.24,-14.38,59.85,4.3,0.0,21.5
2025-03-17,-6.52,-1.69,-10.39,66.92,6.33,0.12,21.55
2025-03-18,-2.8,4.95,-10.74,58.96,3.74,0.0,21.36
2025-03-19,1.13,9.37,-6.79,50.16,4.55,0.0,21.32
2025-03-20,2.22,9.51,-2.69,44.91,5.65,0.0,21.69
2025-03-21,3.57,12.22,-2.02,42.78,4.71,0.0,22.32
2025-03-22,4.21,14.05,-2.35,41.04,4.04,0.0,22.45
2025-03-23,3.53,12.67,-3.92,52.71,4.46,0.0,19.47
2025-03-24,5.52,14.15,-4.21,61.47,6.24,0.13,16.12
2025-03-25,1.16,7.31,-5.84,57.59,4.86,0.08,18.38
2025-03-26,0.48,5.75,-5.81,49.86,5.14,0.4,17.06
2025-03-27,-4.82,-2.12,-7.07,54.47,3.5,1.56,16.94
2025-03-28,-8.04,-4.95,-13.17,52.95,5.77,1.69,19.16
2025-03-29,-7.29,-0.92,-14.44,57.62,4.83,0.0,24.77
2025-03-30,-2.17,5.35,-10.38,53.53,2.99,0.0,23.93
2025-03-31,1.19,8.56,-4.5,49.47,3.46,0.0,22.35
2025-04-01,-0.18,5.91,-5.17,52.4,5.14,0.0,23.5
2025-04-02,1.48,9.11,-5.45,48.49,2.08,0.0,24.15
2025-04-03,3.49,10.82,-2.38,52.47,3.56,0.0,13.66
2025-04-04,0.04,5.9,-5.68,43.36,6.13,0.0,24.44
2025-04-05,2.49,11.29,-5.42,41.84,3.28,0.0,22.99
2025-04-06,8.09,18.4,-1.3,42.71,3.28,0.0,24.46
2025-04-07,6.4,14.14,0.34,40.84,4.63,0.0,24.75
2025-04-08,1.59,4.93,-1.53,74.11,2.76,1.77,6.12
2025-04-09,5.39,12.16,-0.25,66.47,2.61,0.1,16.66
2025-04-10,5.58,15.33,-0.07,65.67,3.17,0.0,18.87
2025-04-11,2.8,11.21,-7.49,57.53,7.01,1.05,18.52
2025-04-12,-5.88,-3.21,-7.87,48.52,9.89,0.99,22.22
2025-04-13,-0.6,4.09,-6.53,59.72,9.74,0.18,13.73
2025-04-14,5.24,13.56,-1.77,59.68,7.24,0.01,25.8
2025-04-15,10.27,19.93,0.5,46.22,3.38,0.0,22.41
2025-04-16,11.18,19.9,2.76,51.49,4.12,0.0,20.73
2025-04-17,7.42,14.54,2.31,64.09,4.39,0.0,22.81
2025-04-18,2.51,4.78,0.35,81.0,3.23,5.21,6.7
2025-04-19,8.03,17.52,-2.17,64.45,2.75,0.01,25.18
2025-04-20,11.74,19.92,3.71,66.34,3.48,3.49,15.53
2025-04-21,8.15,14.9,-1.33,57.07,5.29,8.79,19.36
2025-04-22,7.88,17.42,-2.35,37.35,3.87,0.0,28.63
2025-04-23,3.58,8.91,-3.82,39.64,6.26,0.0,28.89
2025-04-24,4.96,13.3,-4.34,37.84,3.69,0.0,28.89
2025-04-25,11.15,20.46,2.04,36.54,2.76,0.0,26.54
2025-04-26,8.5,16.13,0.39,51.25,5.33,0.0,20.09
2025-04-27,6.28,15.01,-2.81,40.34,4.95,0.0,29.74
2025-04-28,10.64,20.06,1.27,34.56,3.98,0.0,29.03
2025-04-29,10.27,18.59,1.42,36.51,4.08,0.03,24.23
2025-04-30,5.81,14.84,-1.48,37.93,5.17,0.78,21.16
2025-05-01,7.3,16.29,-3.26,45.64,2.86,0.78,22.05
2025-05-02,5.35,12.08,-0.86,58.77,5.56,4.98,15.23
2025-05-03,6.06,14.6,-4.45,38.87,3.5,0.0,30.42
2025-05-04,4.51,11.37,-0.53,66.33,2.27,0.68,9.82
2025-05-05,2.01,6.55,-1.67,83.6,3.34,5.05,7.62
2025-05-06,5.28,11.25,-2.59,69.69,2.09,0.02,22.09
2025-05-07,11.26,21.1,1.34,60.51,3.49,0.03,20.35
2025-05-08,10.18,16.55,4.16,65.38,2.84,5.57,17.57
2025-05-09,3.65,5.87,0.92,65.57,7.41,13.64,10.58
2025-05-10,9.0,17.44,-0.69,42.96,3.73,0.0,29.51
2025-05-11,14.85,24.26,3.54,41.43,3.1,0.0,26.42
2025-05-12,15.53,24.25,7.42,49.66,3.51,0.05,19.82
2025-05-13,15.88,26.74,7.3,56.16,4.54,0.33,25.17
2025-05-14,12.53,20.04,3.59,52.58,3.31,0.0,30.22
2025-05-15,15.71,26.03,4.97,48.55,4.42,0.08,29.27
2025-05-16,12.37,24.9,-0.45,54.47,6.88,0.0,25.62
2025-05-17,5.5,11.6,-2.81,47.79,4.98,0.0,28.85
2025-05-18,11.05,17.32,1.82,48.29,4.42,0.0,22.71
2025-05-19,19.87,29.59,7.87,42.71,3.59,0.0,29.75
2025-05-20,20.95,31.25,11.33,38.0,3.66,0.0,21.27
2025-05-21,18.93,27.49,10.96,41.18,4.6,0.14,27.18
2025-05-22,6.73,11.76,2.2,83.5,6.97,65.38,3.06
2025-05-23,6.14,11.57,1.99,72.06,3.97,3.99,14.43
2025-05-24,11.25,18.94,0.79,50.45,2.12,0.0,29.32
2025-05-25,13.22,18.24,6.04,57.32,1.55,0.61,21.98
2025-05-26,14.22,19.88,7.78,55.34,1.36,0.0,27.2
2025-05-27,15.25,22.63,7.24,53.27,1.9,0.0,26.88
2025-05-28,16.04,24.54,6.8,57.53,3.27,0.0,26.28
2025-05-29,16.61,23.71,10.76,57.68,4.21,0.0,23.84
2025-05-30,12.94,17.21,8.85,79.36,3.86,20.03,6.61
2025-05-31,13.55,20.67,6.53,69.18,3.63,1.9,27.82
2025-06-01,12.41,18.03,7.52,74.88,2.35,6.51,21.35
2025-06-02,10.12,16.12,4.57,50.58,4.99,0.0,30.46
2025-06-03,11.57,18.66,3.66,51.88,4.59,0.0,30.46
2025-06-04,15.95,24.57,5.76,49.25,2.41,0.03,31.34
2025-06-05,17.91,27.05,9.81,50.8,2.62,0.03,27.78
2025-06-06,17.4,25.5,8.78,42.63,3.3,0.0,28.75
2025-06-07,17.24,24.86,9.9,47.95,2.37,0.0,24.96
2025-06-08,19.48,26.46,11.29,38.49,1.84,0.0,28.75
2025-06-09,14.73,20.8,6.69,48.36,4.47,0.01,26.87
2025-06-10,15.9,25.2,5.95,43.49,1.66,0.0,29.05
2025-06-11,19.71,29.24,8.86,49.26,3.79,0.36,26.13
2025-06-12,20.49,29.3,14.51,61.62,3.52,2.67,17.42
2025-06-13,19.33,26.12,12.49,59.48,2.29,0.91,26.38
2025-06-14,14.44,21.14,9.52,71.14,2.6,9.53,12.75
2025-06-15,11.3,15.95,5.9,66.95,4.63,1.29,19.12
2025-06-16,16.59,23.92,8.7,58.97,4.64,0.25,27.53
2025-06-17,20.05,28.08,12.29,45.71,2.86,0.01,26.45
2025-06-18,18.67,25.0,12.64,66.17,1.95,2.66,16.94
2025-06-19,19.28,26.75,12.41,53.77,2.53,0.17,27.76
2025-06-20,18.18,26.08,9.53,40.14,2.49,0.0,31.68
2025-06-21,19.49,27.68,10.2,38.1,2.24,0.0,32.11
2025-06-22,21.72,29.2,13.28,39.7,1.57,0.0,31.03
2025-06-23,22.67,30.15,14.14,45.32,2.16,0.01,24.53
2025-06-24,23.4,30.41,17.34,46.58,1.86,0.01,26.87
2025-06-25,21.36,26.59,15.77,47.68,1.65,0.01,17.51
2025-06-26,17.82,21.7,14.21,70.83,1.76,0.31,8.23
2025-06-27,18.03,23.69,12.76,71.98,1.78,1.33,17.02
2025-06-28,17.79,23.15,13.92,78.19,1.42,2.57,18.49
2025-06-29,20.94,28.9,13.51,60.45,1.65,0.05,27.68
2025-06-30,18.7,25.47,14.5,69.63,1.59,4.12,12.17
2025-07-01,21.25,29.76,13.17,58.44,1.83,1.05,26.89
2025-07-02,18.76,24.04,15.28,65.22,3.05,5.45,4.83
2025-07-03,22.27,29.85,14.6,59.01,1.94,1.83,23.55
2025-07-04,21.38,30.6,14.56,62.98,3.1,17.95,14.96
2025-07-05,18.42,24.55,13.13,66.83,4.59,5.95,21.24
2025-07-06,20.11,25.52,14.63,64.72,1.47,3.21,20.91
2025-07-07,17.95,21.84,15.14,86.34,1.92,42.52,10.2
2025-07-08,19.05,24.34,14.85,84.66,2.49,2.14,16.73
2025-07-09,18.64,23.06,15.59,87.6,4.18,15.82,5.3
2025-07-10,19.93,24.94,14.49,80.93,2.89,4.0,23.35
2025-07-11,21.36,26.45,15.4,78.42,2.63,0.77,25.09
2025-07-12,22.19,27.25,17.02,76.66,1.2,4.74,22.18
2025-07-13,22.69,29.27,15.64,64.13,1.45,0.0,26.02
2025-07-14,22.3,28.25,15.62,74.2,2.07,6.89,20.35
2025-07-15,22.21,27.93,15.52,74.31,3.52,3.34,25.42
2025-07-16,20.04,26.85,13.39,64.48,3.4,0.14,29.3
2025-07-17,22.55,29.9,14.33,55.67,0.92,0.32,29.13
2025-07-18,23.19,29.7,16.8,64.08,1.63,1.04,25.18
2025-07-19,20.18,24.42,15.49,80.85,2.68,6.66,13.84
2025-07-20,19.1,24.79,13.51,63.77,2.82,0.9,27.65
2025-07-21,20.55,27.93,13.51,55.75,1.28,0.0,29.81
2025-07-22,21.56,28.84,13.12,62.83,2.29,0.02,27.86
2025-07-23,20.21,23.79,17.21,85.86,3.59,27.72,6.42
2025-07-24,18.76,21.05,16.97,89.5,1.28,42.49,4.67
2025-07-25,20.06,22.64,16.53,93.7,1.66,66.1,4.87
2025-07-26,20.28,23.15,16.6,92.41,1.82,57.14,6.06
2025-07-27,21.98,27.24,15.85,79.55,1.4,2.15,26.75
2025-07-28,21.83,26.57,17.73,84.72,1.15,14.04,21.51
2025-07-29,17.83,22.68,10.05,72.78,3.35,0.71,28.47
2025-07-30,16.74,22.75,9.79,65.9,1.37,0.0,27.9
2025-07-31,17.95,24.4,13.2,81.73,1.42,0.68,14.89
2025-08-01,21.45,27.77,15.1,79.64,1.28,0.56,25.87
2025-08-02,21.39,25.4,17.36,86.83,2.04,6.12,15.18
2025-08-03,21.92,27.26,16.48,79.14,1.25,1.25,22.44
2025-08-04,21.17,25.22,17.7,86.71,1.68,4.9,11.59
2025-08-05,22.1,27.38,15.9,64.41,1.65,0.07,22.34
2025-08-06,21.81,27.7,16.04,60.61,2.03,0.01,26.61
2025-08-07,21.79,27.8,14.94,65.97,1.13,0.16,19.94
2025-08-08,18.32,22.2,13.61,80.79,2.3,23.36,14.32
2025-08-09,19.12,26.38,11.36,64.56,1.46,0.22,26.37
2025-08-10,17.99,23.82,12.53,80.88,2.45,4.71,16.87
2025-08-11,19.75,26.45,13.31,72.37,2.29,1.24,26.1
2025-08-12,16.51,21.25,11.3,78.27,2.31,10.62,14.43
2025-08-13,16.17,22.14,9.48,68.4,1.47,4.74,25.8
2025-08-14,17.86,24.18,9.47,75.53,2.67,4.29,26.66
2025-08-15,18.5,21.41,15.47,91.27,2.97,21.04,20.69
2025-08-16,19.13,23.59,15.29,86.51,1.83,5.34,24.2
2025-08-17,19.12,23.7,13.19,87.91,2.26,1.66,17.93
2025-08-18,19.67,23.57,17.41,92.03,2.09,7.92,10.58
2025-08-19,19.04,23.26,13.93,88.09,2.56,20.61,19.39
2025-08-20,18.71,24.25,11.87,87.95,2.75,6.58,22.99
2025-08-21,17.66,22.74,12.54,77.94,2.35,5.72,9.56
2025-08-22,16.92,22.82,10.0,65.18,1.43,0.03,22.21
2025-08-23,15.64,20.11,10.62,76.87,1.45,3.73,12.01
2025-08-24,17.48,23.24,10.45,69.96,0.84,0.18,22.42
2025-08-25,17.04,23.12,11.22,68.52,1.64,0.11,24.71
2025-08-26,16.0,20.77,11.78,80.8,2.59,13.89,12.48
2025-08-27,15.95,19.77,12.36,86.28,3.0,30.48,10.15
2025-08-28,15.13,18.46,11.51,84.88,1.74,1.22,12.36
2025-08-29,15.6,20.23,11.26,78.45,1.36,0.91,18.59
2025-08-30,15.69,21.73,10.6,79.52,1.76,0.24,22.98
2025-08-31,15.93,22.34,10.29,77.08,1.66,1.68,22.93
2025-09-01,16.6,22.86,10.43,77.2,1.91,0.99,22.87
2025-09-02,14.66,18.48,11.2,89.28,2.23,2.37,12.55
2025-09-03,16.21,21.12,11.89,81.2,1.59,0.42,22.76
2025-09-04,16.92,22.33,10.82,85.33,2.18,1.83,20.39
2025-09-05,13.73,18.88,7.3,76.24,2.99,32.04,13.84
2025-09-06,12.17,18.79,6.14,67.28,2.58,0.0,23.86
2025-09-07,11.74,17.96,3.26,53.69,2.11,0.0,24.17
2025-09-08,13.68,19.67,6.79,60.25,1.78,0.0,22.06
2025-09-09,14.75,21.21,7.44,83.06,2.26,0.0,22.15
2025-09-10,15.42,21.23,9.76,83.88,2.58,0.0,21.52
2025-09-11,16.32,20.75,12.29,88.2,3.16,2.27,15.87
2025-09-12,15.92,21.19,12.08,85.97,1.82,3.84,20.06
2025-09-13,13.51,19.69,6.76,78.05,3.14,5.1,17.69
2025-09-14,11.36,18.8,4.14,65.75,2.45,0.0,22.47
2025-09-15,14.05,21.39,7.72,79.75,2.68,11.06,16.91
2025-09-16,8.54,13.06,5.33,72.22,3.65,0.28,15.9
2025-09-17,8.47,15.34,2.8,62.05,1.8,0.0,22.33
2025-09-18,8.43,14.08,2.29,63.35,1.48,0.0,20.07
2025-09-19,11.74,17.94,5.8,63.71,0.82,0.0,18.19
2025-09-20,11.11,16.79,5.95,63.55,1.25,0.0,13.34
2025-09-21,10.35,17.34,4.59,79.66,2.66,0.04,13.15
2025-09-22,9.37,13.59,6.79,88.09,2.45,0.01,7.31
2025-09-23,9.6,15.25,4.87,81.74,2.66,0.25,12.17
2025-09-24,10.31,17.98,2.82,65.3,2.01,0.0,21.13
2025-09-25,11.94,17.06,8.18,61.65,0.94,0.0,11.01
2025-09-26,12.63,17.74,7.58,74.98,1.93,0.13,14.5
2025-09-27,11.7,18.37,7.08,84.23,2.1,2.4,10.79
2025-09-28,12.73,19.37,6.28,66.95,2.32,0.01,19.5
2025-09-29,11.83,17.63,7.34,71.42,2.1,0.25,16.85
2025-09-30,11.92,19.5,6.13,63.37,2.24,0.0,18.7
2025-10-01,10.69,18.02,4.7,61.98,1.44,0.0,11.69
2025-10-02,10.96,17.72,6.27,82.86,1.77,0.0,18.21
2025-10-03,10.21,16.14,6.16,88.03,2.09,0.0,13.47
2025-10-04,11.23,15.66,7.42,85.92,0.76,0.0,13.45
2025-10-05,11.32,16.01,6.52,79.04,0.88,2.75,9.45
2025-10-06,11.94,17.53,7.68,65.16,1.18,1.35,16.24
2025-10-07,9.58,16.57,3.69,59.85,2.54,0.58,16.72
2025-10-08,4.33,6.67,2.7,84.88,3.95,20.01,3.07
2025-10-09,4.71,8.67,1.38,88.02,1.97,6.75,7.05
2025-10-10,5.02,8.27,1.35,92.01,0.9,2.28,3.62
2025-10-11,7.77,13.69,1.05,75.67,1.44,0.0,12.87
2025-10-12,8.5,13.79,3.82,75.64,1.39,0.17,10.98
2025-10-13,6.24,12.49,2.36,91.53,2.07,0.0,14.56
2025-10-14,8.2,14.65,2.72,86.5,2.52,0.43,16.16
2025-10-15,8.2,12.11,4.93,87.33,1.31,2.16,10.56
2025-10-16,5.67,9.62,1.52,93.94,3.31,8.66,5.3
2025-10-17,-2.63,1.71,-6.96,72.56,4.0,0.47,15.04
2025-10-18,-2.9,2.94,-6.87,74.81,2.81,2.73,6.66
2025-10-19,-6.09,-0.39,-9.68,66.19,3.43,0.03,17.01
2025-10-20,-3.21,3.54,-8.35,62.91,1.77,0.2,15.73
2025-10-21,-1.02,4.39,-6.39,76.54,1.64,0.01,13.14
2025-10-22,0.03,2.86,-3.3,93.12,1.58,6.56,3.91
2025-10-23,0.69,6.65,-5.19,72.2,1.44,0.09,12.35
2025-10-24,1.69,7.12,-2.25,77.82,1.63,0.54,7.34
2025-10-25,0.3,6.63,-4.44,59.4,2.87,0.01,14.28
2025-10-26,-3.58,1.03,-6.35,65.3,3.06,0.05,15.66
2025-10-27,-0.35,6.48,-5.87,63.78,1.76,0.0,15.02
2025-10-28,1.43,8.0,-2.8,73.37,2.12,0.0,13.47
2025-10-29,2.1,9.69,-1.67,80.93,1.61,0.0,10.85
2025-10-30,2.21,9.14,-2.71,65.28,1.55,0.0,13.19
2025-10-31,-0.38,5.15,-3.36,66.75,3.51,0.0,14.03
2025-11-01,-0.4,6.01,-3.87,71.47,3.75,0.0,13.7
2025-11-02,0.24,6.92,-4.46,70.92,1.68,0.0,13.76
2025-11-03,1.41,8.26,-3.35,73.59,2.18,0.0,12.9
2025-11-04,3.26,8.22,-1.78,77.45,1.61,0.01,11.64
2025-11-05,4.56,11.22,1.24,89.64,1.19,0.14,8.85
2025-11-06,3.79,7.64,0.91,94.67,3.33,1.76,3.74
2025-11-07,0.3,3.5,-3.75,92.09,3.65,7.65,3.01
2025-11-08,-2.54,3.57,-6.45,73.7,3.78,0.04,11.66
2025-11-09,-2.79,2.72,-6.56,64.98,2.8,0.01,13.15
2025-11-10,-0.97,5.84,-5.37,69.1,1.98,0.0,10.15
2025-11-11,-0.84,4.46,-5.41,83.91,1.91,0.0,12.07
2025-11-12,-1.87,3.5,-5.67,76.14,3.14,0.0,12.23
2025-11-13,-3.15,3.03,-7.35,71.67,2.23,0.0,12.35
2025-11-14,-2.25,5.16,-7.58,77.63,2.59,0.0,11.75
2025-11-15,-3.12,2.77,-9.36,70.16,3.34,0.05,9.24
2025-11-16,-11.26,-7.56,-14.38,59.03,6.17,0.2,12.31
2025-11-17,-12.9,-8.97,-16.45,61.74,5.84,0.02,12.55
2025-11-18,-6.62,-0.19,-10.63,59.31,5.3,0.04,10.46
2025-11-19,-5.98,2.89,-10.28,58.9,2.62,0.0,11.38
2025-11-20,-6.21,0.79,-11.76,63.16,2.76,0.0,11.29
2025-11-21,-5.38,3.7,-10.82,66.09,2.15,0.0,11.13
2025-11-22,-6.03,1.3,-11.66,75.7,2.67,0.0,10.64
2025-11-23,-3.97,3.64,-9.89,86.85,2.67,0.02,9.29
2025-11-24,-9.14,-6.45,-13.76,78.63,4.55,0.12,7.73
2025-11-25,-9.36,-2.1,-15.05,85.02,2.54,0.0,10.22
2025-11-26,-8.48,-3.05,-13.8,77.74,4.83,0.47,4.54
2025-11-27,-10.03,-1.88,-16.22,82.44,2.77,0.0,9.76
2025-11-28,-6.08,0.41,-10.47,82.91,2.43,0.0,8.49
2025-11-29,-4.8,1.43,-9.15,71.73,2.95,0.0,9.82
2025-11-30,-10.34,-6.64,-14.86,71.41,3.76,0.07,10.67
2025-12-01,-13.99,-7.43,-19.38,68.65,3.06,0.37,7.28
2025-12-02,-16.96,-10.99,-21.54,66.63,3.75,0.0,10.09
2025-12-03,-13.09,-5.04,-18.99,67.34,2.48,0.02,10.57
2025-12-04,-11.35,-3.92,-16.76,70.27,3.1,0.0,10.68
2025-12-05,-10.02,-3.66,-15.36,80.57,2.94,0.0,9.4
2025-12-06,-7.7,0.3,-13.56,77.85,3.2,0.0,9.58
2025-12-07,-11.03,-6.16,-14.78,66.85,4.02,0.0,9.86
2025-12-08,-10.64,-3.24,-16.41,74.73,2.23,0.0,9.67
2025-12-09,-7.88,-1.22,-12.53,90.98,1.55,0.0,9.45
2025-12-10,-6.8,0.31,-11.68,89.13,2.04,0.09,7.46
2025-12-11,-9.8,-5.4,-14.05,86.32,3.19,0.03,7.28
2025-12-12,-9.14,-5.95,-12.25,89.86,3.41,4.2,2.34
2025-12-13,-12.73,-6.92,-16.63,80.9,3.57,0.12,9.03
2025-12-14,-13.34,-6.05,-17.36,89.1,2.18,0.02,8.27
2025-12-15,-9.46,-1.05,-14.92,80.66,1.46,0.0,8.04
2025-12-16,-8.04,-1.92,-12.5,80.97,2.94,0.21,7.57
2025-12-17,-9.62,-3.94,-13.7,92.6,2.42,0.0,8.28
2025-12-18,-7.21,-3.01,-11.58,96.36,2.75,0.0,7.76
2025-12-19,-9.35,-4.72,-15.51,76.88,3.3,0.0,6.55
2025-12-20,-15.89,-10.51,-19.69,65.97,4.07,0.0,9.15
2025-12-21,-14.07,-7.79,-19.44,82.8,2.37,0.0,8.06
2025-12-22,-10.03,-7.56,-14.26,98.64,2.36,0.0,4.81
2025-12-23,-12.12,-6.08,-16.54,75.01,3.74,0.0,8.87
2025-12-24,-14.19,-8.72,-19.41,74.51,4.39,0.0,9.18
2025-12-25,-14.35,-6.03,-20.17,77.8,2.47,0.0,8.89
2025-12-26,-12.08,-6.22,-16.07,84.05,1.59,0.0,6.93
2025-12-27,-11.78,-5.86,-15.55,92.66,2.37,0.0,7.56
2025-12-28,-10.46,-2.87,-15.25,87.07,3.01,0.0,7.24
2025-12-29,-12.17,-4.56,-16.83,77.94,2.39,0.0,8.57
2025-12-30,-15.54,-9.1,-19.97,72.84,3.9,0.0,9.27
2025-12-31,-14.89,-6.34,-20.25,59.6,1.86,0.0,8.54
